x,y,vx,vy,vx_comp,vy_comp,x_rms,y_rms,vx_rms,vy_rms,rcs,pdh0,dyn_prop,ambig_state,valid_state
4.199999809265137,-1.7000000476837158,0.75,3.75,0.17008131742477417,-0.06884244829416275,0.616,0.616,0.288,0.011,-4.5,1.0,1.0,3.0,0.0
5.800000190734863,10.5,0.0,0.0,-2.259722948074341,-4.090877532958984,0.005,0.005,0.005,0.005,0.5,6.0,4.0,0.0,7.0
12.399999618530273,11.100000381469727,5.25,0.0,-0.012874090112745762,-0.011524387635290623,0.616,0.616,0.371,0.011,-4.0,1.0,0.0,2.0,0.0
35.400001525878906,15.699999809265137,3.0,0.0,-0.08811865001916885,-0.03908086568117142,0.616,0.616,0.288,0.011,-2.0,3.0,0.0,1.0,4.0
36.599998474121094,14.899999618530273,3.0,0.0,0.059401266276836395,0.024182483553886414,0.616,0.616,0.288,0.011,-4.5,3.0,0.0,1.0,11.0
30.200000762939453,32.099998474121094,6.0,0.0,-0.03677348792552948,-0.039087045937776566,0.794,0.794,0.478,0.011,4.0,1.0,0.0,1.0,0.0
84.0,28.100000381469727,2.5,0.0,-0.07411187887191772,-0.02479218877851963,0.616,0.794,0.288,0.011,14.5,1.0,0.0,1.0,0.0
86.80000305175781,30.899999618530273,2.75,0.0,0.057301949709653854,0.02039896510541439,0.794,1.317,0.288,0.011,4.0,3.0,0.0,1.0,9.0
101.0,29.899999618530273,2.5,0.0,0.09405688941478729,0.027844564989209175,0.616,1.023,0.288,0.011,10.5,1.0,0.0,1.0,0.0
