x,y,vx,vy,vx_comp,vy_comp,x_rms,y_rms,vx_rms,vy_rms,rcs,pdh0,dyn_prop,ambig_state,valid_state
4.800000190734863,2.299999952316284,1.5,3.75,0.14785689115524292,0.07084808498620987,0.616,0.616,0.288,0.011,1.0,1.0,0.0,3.0,0.0
11.399999618530273,6.900000095367432,3.75,0.0,0.015398366376757622,0.009320063516497612,0.616,0.616,0.371,0.011,12.0,1.0,6.0,3.0,0.0
10.399999618530273,15.300000190734863,8.0,0.0,0.017546366900205612,0.025813408195972443,0.794,0.794,0.616,0.011,0.0,1.0,0.0,1.0,0.0
33.20000076293945,21.299999237060547,4.0,0.0,0.06680398434400558,0.04285917803645134,0.616,0.616,0.371,0.011,2.5,1.0,0.0,1.0,0.0
34.20000076293945,-22.299999237060547,-2.0,0.0,0.2751602232456207,-0.17941734194755554,0.794,0.794,0.371,0.011,-1.5,3.0,2.0,2.0,4.0
53.400001525878906,-40.70000076293945,-2.75,0.0,0.11277424544095993,-0.08595340698957443,0.794,1.023,0.371,0.011,3.0,1.0,2.0,1.0,0.0
78.5999984741211,38.70000076293945,3.25,0.0,0.0568789504468441,0.028005285188555717,1.023,1.317,0.288,0.011,4.0,1.0,0.0,1.0,0.0
80.0,40.29999923706055,3.25,0.0,0.012161671184003353,0.006126441992819309,0.794,1.023,0.288,0.011,5.0,1.0,0.0,1.0,0.0
82.0,42.70000076293945,3.5,0.0,0.14362764358520508,0.07479146867990494,1.023,1.317,0.288,0.011,5.0,1.0,0.0,1.0,0.0
