x,y,vx,vy,vx_comp,vy_comp,x_rms,y_rms,vx_rms,vy_rms,rcs,pdh0,dyn_prop,ambig_state,valid_state
11.199999809265137,7.699999809265137,4.0,0.0,-0.05031517148017883,-0.0345916822552681,0.616,0.616,0.371,0.011,9.5,1.0,6.0,3.0,0.0
10.399999618530273,14.899999618530273,8.0,0.0,0.09669520705938339,0.13853447139263153,0.616,0.616,0.478,0.011,-3.5,1.0,0.0,2.0,0.0
30.600000381469727,23.5,4.5,0.0,0.021272005513310432,0.016336342319846153,0.794,0.794,0.371,0.011,-4.0,3.0,0.0,1.0,4.0
35.599998474121094,-18.700000762939453,7.0,16.25,0.23434576392173767,-0.12309736758470535,0.616,0.794,0.288,0.011,-3.0,3.0,3.0,3.0,4.0
53.599998474121094,-26.5,10.5,23.5,0.45475074648857117,-0.22483013570308685,0.794,0.794,0.288,0.011,0.0,3.0,3.0,3.0,4.0
54.400001525878906,-27.899999618530273,11.0,23.75,0.4700867533683777,-0.2410922795534134,1.023,1.023,0.371,0.011,0.0,1.0,3.0,3.0,0.0
80.5999984741211,45.900001525878906,3.5,0.0,0.0006993620190769434,0.0003982719499617815,1.023,1.317,0.371,0.011,6.0,1.0,0.0,1.0,0.0
