x,y,vx,vy,vx_comp,vy_comp,x_rms,y_rms,vx_rms,vy_rms,rcs,pdh0,dyn_prop,ambig_state,valid_state
4.599999904632568,6.900000095367432,8.25,0.0,0.28146523237228394,0.4221978783607483,0.794,1.023,0.616,0.011,-4.0,1.0,0.0,3.0,0.0
9.600000381469727,-7.900000095367432,-3.75,0.0,0.14641916751861572,-0.12049075961112976,0.616,0.616,0.371,0.011,-3.0,1.0,2.0,1.0,0.0
60.79999923706055,-24.700000762939453,-1.75,0.0,0.18294739723205566,-0.07432238757610321,0.794,1.023,0.288,0.011,-2.0,3.0,2.0,1.0,4.0
72.0,-9.899999618530273,0.5,7.75,0.08498993515968323,-0.011686115525662899,0.616,1.023,0.288,0.011,-2.5,3.0,3.0,3.0,4.0
