x,y,vx,vy,vx_comp,vy_comp,x_rms,y_rms,vx_rms,vy_rms,rcs,pdh0,dyn_prop,ambig_state,valid_state
5.400000095367432,7.300000190734863,7.25,0.0,0.22469577193260193,0.30375540256500244,0.794,1.023,0.616,0.011,-3.5,1.0,0.0,3.0,0.0
9.0,-0.699999988079071,-0.25,1.0,0.060420677065849304,-0.004699385724961758,0.616,0.616,0.288,0.011,-4.5,1.0,3.0,3.0,0.0
39.20000076293945,-2.299999952316284,0.0,3.5,0.08931431919336319,-0.005240380764007568,0.616,0.616,0.288,0.011,-4.0,3.0,3.0,3.0,4.0
60.79999923706055,-23.899999618530273,-1.75,0.0,0.1586579829454422,-0.06236719712615013,0.616,0.794,0.288,0.011,0.5,1.0,2.0,2.0,0.0
77.0,-8.899999618530273,0.25,6.25,0.10002607107162476,-0.011561454273760319,0.794,1.023,0.288,0.011,-1.0,3.0,3.0,3.0,4.0
9.0,-0.5,0.0,1.0,0.22346018254756927,-0.012414454482495785,0.794,0.616,0.288,0.011,3.5,1.0,3.0,3.0,0.0
68.0,14.899999618530273,0.0,0.0,-1.0169904232025146,-0.2228405475616455,0.005,0.005,0.005,0.005,-5.0,6.0,4.0,0.0,7.0
