x,y,vx,vy,vx_comp,vy_comp,x_rms,y_rms,vx_rms,vy_rms,rcs,pdh0,dyn_prop,ambig_state,valid_state
9.199999809265137,-0.5,0.0,0.75,0.25948667526245117,-0.01410253718495369,0.616,0.616,0.288,0.011,4.0,1.0,1.0,3.0,0.0
9.600000381469727,-7.099999904632568,-3.5,0.0,0.11001548916101456,-0.08136561512947083,0.616,0.616,0.371,0.011,-3.5,1.0,2.0,1.0,0.0
39.599998474121094,-2.299999952316284,0.0,2.75,0.15910939872264862,-0.009241202846169472,0.616,0.616,0.288,0.011,1.0,1.0,3.0,3.0,0.0
46.79999923706055,1.899999976158142,0.25,3.25,0.215769961476326,0.008759891614317894,0.616,0.616,0.288,0.011,-0.5,3.0,1.0,3.0,4.0
77.19999694824219,-8.5,0.25,5.0,0.2713474631309509,-0.029876338317990303,1.023,1.317,0.288,0.011,-3.5,3.0,3.0,3.0,4.0
9.0,-0.5,0.0,0.75,0.2644692361354828,-0.014692735858261585,0.794,0.616,0.288,0.011,2.5,1.0,1.0,3.0,0.0
38.599998474121094,-8.699999809265137,0.0,0.0,1.0867818593978882,-0.24494825303554535,0.005,0.005,0.005,0.005,1.5,6.0,4.0,0.0,7.0
42.79999923706055,6.900000095367432,0.0,0.0,-0.7396454811096191,-0.11924192309379578,0.005,0.005,0.005,0.005,-5.0,6.0,4.0,0.0,7.0
46.599998474121094,-8.5,0.0,0.0,0.9006738662719727,-0.16428601741790771,0.005,0.005,0.005,0.005,-1.5,6.0,4.0,0.0,7.0
