x,y,vx,vy,vx_comp,vy_comp,x_rms,y_rms,vx_rms,vy_rms,rcs,pdh0,dyn_prop,ambig_state,valid_state
9.0,-0.30000001192092896,0.0,0.75,0.20493926107883453,-0.006831309292465448,0.616,0.616,0.288,0.011,-3.0,1.0,1.0,3.0,0.0
9.600000381469727,-6.5,-3.25,0.0,0.10298902541399002,-0.06973215192556381,0.616,0.616,0.371,0.011,-3.0,1.0,2.0,2.0,16.0
39.20000076293945,0.8999999761581421,0.25,2.25,0.25448811054229736,0.005842838902026415,0.616,0.616,0.288,0.011,-3.0,3.0,3.0,3.0,4.0
43.400001525878906,-2.5,0.0,2.5,0.20499275624752045,-0.011808337643742561,0.616,0.794,0.288,0.011,-3.5,3.0,3.0,3.0,4.0
46.79999923706055,2.700000047683716,0.25,2.5,0.1755731850862503,0.010129221715033054,0.616,0.616,0.288,0.011,0.5,1.0,1.0,3.0,0.0
9.199999809265137,-0.30000001192092896,0.0,0.75,0.20192739367485046,-0.006584589369595051,1.023,0.616,0.288,0.011,-5.0,1.0,1.0,3.0,0.0
79.5999984741211,4.900000095367432,0.25,4.25,0.27347615361213684,0.01683458872139454,1.023,0.794,0.288,0.011,-4.5,3.0,3.0,3.0,4.0
112.19999694824219,9.100000381469727,0.0,5.75,0.1321197897195816,0.010715598240494728,1.023,1.697,0.288,0.011,-2.0,3.0,3.0,3.0,4.0
