x,y,vx,vy,vx_comp,vy_comp,x_rms,y_rms,vx_rms,vy_rms,rcs,pdh0,dyn_prop,ambig_state,valid_state
43.400001525878906,10.100000381469727,1.25,0.0,0.18883179128170013,0.04394472390413284,0.616,0.616,0.288,0.011,-3.0,3.0,0.0,1.0,4.0
38.599998474121094,-25.899999618530273,-3.25,0.0,0.16594450175762177,-0.11134617775678635,0.616,0.794,0.371,0.011,0.0,1.0,2.0,1.0,0.0
40.599998474121094,-24.5,-3.0,0.0,0.11087509244680405,-0.0669073760509491,1.023,1.023,0.371,0.011,-3.5,3.0,2.0,1.0,4.0
56.79999923706055,14.100000381469727,1.25,0.0,0.11403238773345947,0.028307335451245308,0.616,0.616,0.288,0.011,0.0,1.0,0.0,2.0,0.0
58.599998474121094,15.300000190734863,1.25,0.0,0.052863918244838715,0.013802354224026203,0.616,0.616,0.288,0.011,-1.5,3.0,0.0,2.0,4.0
60.599998474121094,17.100000381469727,1.5,0.0,0.18571142852306366,0.05240371823310852,0.616,0.616,0.288,0.011,2.0,1.0,0.0,1.0,0.0
61.400001525878906,-19.899999618530273,-1.75,0.0,-0.0023568705655634403,0.0007638717070221901,0.794,0.794,0.288,0.011,6.0,1.0,2.0,3.0,0.0
65.0,21.5,1.75,0.0,0.18595722317695618,0.06150893121957779,0.794,1.023,0.288,0.011,-4.0,3.0,0.0,1.0,4.0
78.0,22.100000381469727,1.5,0.0,0.18022552132606506,0.0510638989508152,0.794,1.023,0.288,0.011,-3.0,3.0,0.0,1.0,4.0
