x,y,vx,vy,vx_comp,vy_comp,x_rms,y_rms,vx_rms,vy_rms,rcs,pdh0,dyn_prop,ambig_state,valid_state
9.0,-0.10000000149011612,-0.25,0.0,-0.03320488706231117,0.0003689431759994477,0.616,0.616,0.288,0.011,4.0,1.0,1.0,3.0,0.0
4.599999904632568,10.100000381469727,0.0,0.0,-1.9276520013809204,-4.232452869415283,0.005,0.005,0.005,0.005,1.5,6.0,4.0,0.0,7.0
60.79999923706055,-7.699999809265137,-0.75,0.25,0.03339359909296036,-0.004229123238474131,0.616,0.794,0.288,0.011,-4.0,3.0,1.0,3.0,4.0
61.0,21.5,1.75,0.0,0.07333286851644516,0.025846829637885094,1.023,1.023,0.288,0.011,-1.5,3.0,0.0,1.0,4.0
9.0,-0.30000001192092896,-0.25,0.0,0.08187563717365265,-0.0027291879523545504,1.023,0.616,0.288,0.011,3.0,1.0,1.0,3.0,0.0
