x,y,vx,vy,vx_comp,vy_comp,x_rms,y_rms,vx_rms,vy_rms,rcs,pdh0,dyn_prop,ambig_state,valid_state
8.199999809265137,-0.10000000149011612,-0.25,0.0,-0.025576574727892876,0.0003119094471912831,0.616,0.616,0.288,0.011,-4.0,3.0,1.0,3.0,11.0
8.800000190734863,-0.30000001192092896,-0.25,0.0,0.08973142504692078,-0.0030590256210416555,0.616,0.616,0.288,0.011,7.5,1.0,1.0,3.0,0.0
9.0,-0.10000000149011612,-0.25,0.0,-0.03129051253199577,0.0003476723504718393,0.616,0.616,0.288,0.011,7.0,1.0,1.0,3.0,0.0
9.800000190734863,-0.10000000149011612,0.0,0.0,0.21390226483345032,-0.002182676224038005,0.616,0.616,0.288,0.011,1.0,3.0,5.0,3.0,11.0
4.199999809265137,14.100000381469727,0.0,0.0,-1.4291199445724487,-4.797760009765625,0.005,0.005,0.005,0.005,7.0,6.0,4.0,0.0,7.0
49.79999923706055,2.5,0.25,-0.25,0.13263648748397827,0.006658458616584539,0.616,0.616,0.288,0.011,7.0,1.0,3.0,3.0,0.0
55.20000076293945,23.299999237060547,2.25,0.0,0.1571715623140335,0.06634234637022018,0.794,1.023,0.288,0.011,-4.5,3.0,0.0,1.0,4.0
50.0,2.700000047683716,0.25,-0.25,0.111669160425663,0.006030134856700897,1.023,0.616,0.288,0.011,-3.0,3.0,3.0,3.0,4.0
