x,y,vx,vy,vx_comp,vy_comp,x_rms,y_rms,vx_rms,vy_rms,rcs,pdh0,dyn_prop,ambig_state,valid_state
7.400000095367432,7.699999809265137,5.5,0.0,0.061986520886421204,0.06449948251247406,0.616,0.616,0.371,0.011,-3.5,1.0,0.0,1.0,0.0
38.599998474121094,7.300000190734863,1.0,0.0,0.15637396275997162,0.029573315754532814,0.616,0.616,0.288,0.011,-2.5,3.0,0.0,2.0,4.0
12.800000190734863,49.70000076293945,0.0,0.0,-1.275349736213684,-4.951943874359131,0.005,0.005,0.005,0.005,37.0,6.0,4.0,0.0,7.0
61.400001525878906,-14.699999809265137,-1.5,-0.5,0.05970929563045502,-0.014295222237706184,0.616,0.794,0.288,0.011,8.0,1.0,2.0,3.0,0.0
68.4000015258789,-11.5,-1.0,-0.5,0.14390838146209717,-0.024195123463869095,0.794,1.023,0.288,0.011,-1.5,3.0,3.0,3.0,4.0
85.4000015258789,20.899999618530273,1.25,0.0,0.10934872180223465,0.02676098607480526,0.794,1.317,0.288,0.011,-1.5,3.0,0.0,1.0,4.0
86.19999694824219,20.100000381469727,1.25,0.0,0.16825130581855774,0.039232611656188965,0.794,1.317,0.288,0.011,-3.0,3.0,0.0,1.0,4.0
102.80000305175781,-23.299999237060547,-1.25,0.0,0.11936048418283463,-0.02705349214375019,0.794,1.317,0.288,0.011,2.0,1.0,2.0,1.0,0.0
85.80000305175781,-19.100000381469727,0.0,0.0,1.2900394201278687,-0.28717660903930664,0.005,0.005,0.005,0.005,0.5,6.0,4.0,0.0,7.0
