x,y,vx,vy,vx_comp,vy_comp,x_rms,y_rms,vx_rms,vy_rms,rcs,pdh0,dyn_prop,ambig_state,valid_state
39.0,24.5,3.5,0.0,0.23815783858299255,0.14961197972297668,0.794,0.794,0.371,0.011,-2.5,3.0,0.0,2.0,4.0
46.79999923706055,10.100000381469727,1.25,0.0,0.2715580463409424,0.05860547721385956,0.616,0.616,0.288,0.011,-3.5,3.0,0.0,1.0,4.0
61.400001525878906,-14.300000190734863,-1.5,-0.25,-0.010985694825649261,0.0025585575494915247,0.616,0.794,0.288,0.011,8.0,1.0,2.0,3.0,0.0
67.0,-12.5,-1.0,-0.25,0.2217191904783249,-0.04136551916599274,0.794,1.023,0.288,0.011,-4.0,3.0,3.0,3.0,11.0
86.4000015258789,20.899999618530273,1.25,0.0,0.13690239191055298,0.03311643376946449,0.616,0.794,0.288,0.011,3.5,1.0,0.0,2.0,0.0
87.4000015258789,21.100000381469727,1.25,0.0,0.13935115933418274,0.033641982823610306,0.794,1.317,0.288,0.011,-4.0,3.0,0.0,1.0,11.0
8.800000190734863,-0.699999988079071,-0.5,0.0,0.11062970012426376,-0.008800090290606022,1.023,0.616,0.288,0.011,-4.5,1.0,1.0,3.0,0.0
61.20000076293945,13.699999809265137,0.0,0.0,-0.9606102705001831,-0.21503855288028717,0.005,0.005,0.005,0.005,3.0,6.0,4.0,0.0,7.0
