x,y,vx,vy,vx_comp,vy_comp,x_rms,y_rms,vx_rms,vy_rms,rcs,pdh0,dyn_prop,ambig_state,valid_state
5.599999904632568,-11.5,0.0,0.0,2.304507255554199,-4.732470512390137,0.005,0.005,0.005,0.005,-1.0,6.0,4.0,0.0,7.0
8.399999618530273,-10.699999809265137,-7.5,0.25,-0.12205026298761368,0.15546879172325134,0.794,0.794,0.478,0.011,-4.5,1.0,6.0,3.0,0.0
5.599999904632568,12.699999809265137,0.0,0.0,-2.124689817428589,-4.8184919357299805,0.005,0.005,0.005,0.005,-0.5,6.0,4.0,0.0,7.0
7.800000190734863,-11.5,-8.5,0.25,-0.06507407873868942,0.09594254195690155,0.616,0.616,0.616,0.011,-1.5,1.0,6.0,3.0,0.0
18.0,22.700000762939453,7.5,0.0,0.11170246452093124,0.14086923003196716,0.794,0.794,0.478,0.011,0.5,1.0,0.0,1.0,0.0
36.599998474121094,-22.5,-3.5,0.0,0.1263936460018158,-0.07770101726055145,0.616,0.616,0.371,0.011,-0.5,3.0,2.0,2.0,4.0
68.5999984741211,-2.5,-0.25,1.5,0.013797878287732601,-0.0005028381128795445,0.616,0.794,0.288,0.011,1.0,1.0,3.0,3.0,0.0
120.5999984741211,-17.5,-0.5,2.5,0.08446510881185532,-0.012256545946002007,0.794,1.697,0.288,0.011,1.5,1.0,3.0,3.0,15.0
67.4000015258789,14.100000381469727,0.0,0.0,-1.0604592561721802,-0.2218468338251114,0.005,0.005,0.005,0.005,-2.0,6.0,4.0,0.0,7.0
