x,y,vx,vy,vx_comp,vy_comp,x_rms,y_rms,vx_rms,vy_rms,rcs,pdh0,dyn_prop,ambig_state,valid_state
8.0,-0.10000000149011612,0.0,0.25,0.22497804462909698,-0.002812225604429841,0.616,0.616,0.288,0.011,-0.5,1.0,1.0,3.0,0.0
8.800000190734863,-1.100000023841858,-0.75,0.25,0.11869257688522339,-0.014836572110652924,0.616,0.616,0.288,0.011,0.5,1.0,1.0,3.0,0.0
7.199999809265137,-6.099999904632568,-5.25,0.0,-0.013668169267475605,0.011579976417124271,0.616,1.023,0.371,0.011,1.0,1.0,2.0,3.0,0.0
8.399999618530273,-5.900000095367432,-4.5,0.25,-0.21187050640583038,0.14881381392478943,0.616,0.616,0.371,0.011,-1.0,1.0,6.0,3.0,0.0
4.400000095367432,12.100000381469727,0.0,0.0,-1.905276894569397,-5.239510536193848,0.005,0.005,0.005,0.005,1.0,6.0,4.0,0.0,7.0
8.399999618530273,-0.10000000149011612,0.0,0.25,0.22156625986099243,-0.002637693891301751,1.023,0.616,0.288,0.011,6.0,6.0,1.0,3.0,8.0
8.399999618530273,-0.10000000149011612,0.0,0.25,0.22156625986099243,-0.002637693891301751,1.023,0.616,0.288,0.011,-4.5,1.0,1.0,3.0,0.0
8.800000190734863,-0.8999999761581421,-0.75,0.25,-0.009761673398315907,0.000998352887108922,1.023,0.616,0.288,0.011,9.0,1.0,1.0,3.0,0.0
88.0,10.300000190734863,0.75,0.0,0.19967421889305115,0.023370958864688873,1.023,1.697,0.288,0.011,-3.0,3.0,0.0,1.0,4.0
