x,y,vx,vy,vx_comp,vy_comp,x_rms,y_rms,vx_rms,vy_rms,rcs,pdh0,dyn_prop,ambig_state,valid_state
8.399999618530273,-0.10000000149011612,0.0,0.25,0.2212468385696411,-0.0026338910683989525,0.616,0.616,0.288,0.011,4.5,1.0,1.0,3.0,0.0
8.800000190734863,-0.699999988079071,-0.5,0.25,0.10970966517925262,-0.008726905100047588,0.616,0.616,0.288,0.011,3.0,1.0,1.0,3.0,0.0
37.0,-18.100000381469727,-3.0,0.0,0.07206761837005615,-0.03525470197200775,0.616,0.616,0.288,0.011,-2.5,3.0,2.0,1.0,4.0
43.0,29.700000762939453,4.25,0.0,0.1737557202577591,0.12001267075538635,0.794,0.794,0.371,0.011,1.0,1.0,0.0,1.0,0.0
57.79999923706055,9.899999618530273,1.0,0.0,0.12107300758361816,0.02073741890490055,0.616,0.794,0.288,0.011,-5.0,3.0,0.0,1.0,4.0
84.19999694824219,-9.300000190734863,-0.5,1.25,0.17560657858848572,-0.01939597725868225,0.794,1.317,0.288,0.011,-1.0,3.0,3.0,3.0,4.0
89.0,10.100000381469727,0.75,0.0,0.21875424683094025,0.024824921041727066,1.023,1.317,0.288,0.011,-2.5,3.0,0.0,1.0,4.0
8.399999618530273,-0.10000000149011612,0.0,0.25,0.2212468385696411,-0.0026338910683989525,0.794,0.616,0.288,0.011,0.5,1.0,1.0,3.0,0.0
88.80000305175781,10.5,0.75,0.0,0.19033633172512054,0.022505983710289,0.794,1.023,0.288,0.011,-2.0,3.0,0.0,2.0,4.0
