x,y,vx,vy,vx_comp,vy_comp,x_rms,y_rms,vx_rms,vy_rms,rcs,pdh0,dyn_prop,ambig_state,valid_state
8.399999618530273,-0.10000000149011612,0.0,0.0,0.21976403892040253,-0.0026162387803196907,0.616,0.616,0.288,0.011,-4.0,1.0,1.0,3.0,0.0
42.79999923706055,25.5,3.5,0.0,0.09093225747346878,0.054176926612854004,0.794,0.794,0.371,0.011,-5.0,3.0,0.0,2.0,4.0
44.0,26.100000381469727,3.5,0.0,0.10257843136787415,0.06084766611456871,1.023,1.023,0.371,0.011,-4.0,3.0,0.0,1.0,4.0
61.20000076293945,-54.70000076293945,-5.25,0.0,0.1051320806145668,-0.09396608173847198,1.317,1.317,0.371,0.011,6.5,1.0,2.0,1.0,0.0
84.4000015258789,-1.2999999523162842,0.0,0.75,0.22889165580272675,-0.0035255819093436003,0.616,1.023,0.288,0.011,3.5,1.0,3.0,3.0,0.0
83.80000305175781,18.700000762939453,1.25,0.0,0.07492251694202423,0.01671898551285267,0.616,0.794,0.288,0.011,1.0,1.0,0.0,1.0,0.0
8.399999618530273,-0.10000000149011612,0.0,0.0,0.21976403892040253,-0.0026162387803196907,1.023,0.616,0.288,0.011,10.0,6.0,1.0,3.0,8.0
