x,y,vx,vy,vx_comp,vy_comp,x_rms,y_rms,vx_rms,vy_rms,rcs,pdh0,dyn_prop,ambig_state,valid_state
10.0,-15.5,-9.25,0.0,0.012288114055991173,-0.01904657483100891,0.616,0.616,0.616,0.011,-1.0,1.0,2.0,1.0,16.0
42.599998474121094,9.100000381469727,1.25,0.0,0.14660651981830597,0.03131735697388649,0.616,0.616,0.288,0.011,-4.0,3.0,0.0,1.0,4.0
59.0,15.100000381469727,1.5,0.0,0.1445595920085907,0.03699745982885361,0.616,0.794,0.288,0.011,0.0,1.0,0.0,2.0,0.0
64.5999984741211,16.5,1.5,0.0,0.14743877947330475,0.03765851631760597,0.616,0.794,0.288,0.011,0.5,1.0,0.0,1.0,0.0
77.0,17.899999618530273,1.25,0.0,0.04008031636476517,0.009317371994256973,0.794,1.023,0.288,0.011,-2.5,3.0,0.0,1.0,4.0
78.80000305175781,-62.5,-4.75,0.0,0.05131427198648453,-0.04069977253675461,1.317,1.697,0.371,0.011,6.5,1.0,2.0,1.0,0.0
3.5999999046325684,-0.10000000149011612,0.0,0.0,0.32496178150177,-0.009026716463267803,1.023,0.616,0.288,0.011,0.5,6.0,5.0,3.0,8.0
93.0,-20.700000762939453,0.0,0.0,1.403175950050354,-0.312319815158844,0.005,0.005,0.005,0.005,-2.0,6.0,4.0,0.0,7.0
