x,y,vx,vy,vx_comp,vy_comp,x_rms,y_rms,vx_rms,vy_rms,rcs,pdh0,dyn_prop,ambig_state,valid_state
3.4000000953674316,0.30000001192092896,0.25,0.0,-0.11117426306009293,-0.009809494018554688,0.616,0.616,0.288,0.011,-4.5,1.0,5.0,3.0,0.0
9.800000190734863,-14.300000190734863,-8.75,0.0,-0.00703709851950407,0.010268419049680233,0.794,1.023,0.478,0.011,14.0,1.0,6.0,3.0,0.0
44.0,27.700000762939453,3.75,0.0,0.14905989170074463,0.09383998066186905,0.794,0.794,0.371,0.011,-3.0,3.0,0.0,1.0,4.0
61.79999923706055,-51.900001525878906,-5.0,0.0,0.05252058804035187,-0.0441070981323719,1.023,1.317,0.371,0.011,8.5,1.0,2.0,3.0,0.0
3.4000000953674316,0.30000001192092896,0.5,0.0,0.13689440488815308,0.012078918516635895,0.794,0.616,0.288,0.011,-2.0,1.0,5.0,3.0,0.0
8.600000381469727,-0.5,-0.25,0.0,0.24697652459144592,-0.01435909979045391,0.794,0.616,0.288,0.011,7.5,6.0,1.0,3.0,8.0
