x,y,vx,vy,vx_comp,vy_comp,x_rms,y_rms,vx_rms,vy_rms,rcs,pdh0,dyn_prop,ambig_state,valid_state
3.4000000953674316,1.7000000476837158,2.5,0.0,-0.17916542291641235,-0.08958271145820618,0.616,0.616,0.288,0.011,-3.5,1.0,6.0,3.0,0.0
8.800000190734863,8.100000381469727,5.5,0.0,0.1860227882862091,0.17122553288936615,0.616,0.616,0.371,0.011,4.5,1.0,0.0,2.0,0.0
10.0,-12.5,-7.5,0.0,-0.038966912776231766,0.04870864376425743,0.616,0.616,0.478,0.011,5.0,1.0,6.0,3.0,0.0
84.4000015258789,-1.100000023841858,0.0,-0.25,0.24726028740406036,-0.0032225868199020624,0.794,1.317,0.288,0.011,0.0,3.0,1.0,3.0,4.0
8.399999618530273,-0.10000000149011612,0.0,0.0,0.2374822348356247,-0.002827169606462121,1.023,0.616,0.288,0.011,2.0,6.0,1.0,3.0,8.0
82.80000305175781,-17.100000381469727,0.0,0.0,1.3076419830322266,-0.27005648612976074,0.005,0.005,0.005,0.005,-1.5,6.0,4.0,0.0,7.0
