x,y,vx,vy,vx_comp,vy_comp,x_rms,y_rms,vx_rms,vy_rms,rcs,pdh0,dyn_prop,ambig_state,valid_state
5.800000190734863,-6.300000190734863,-0.25,0.0,2.8239476680755615,-3.0673916339874268,0.794,0.794,0.371,0.011,-3.0,1.0,3.0,3.0,16.0
8.199999809265137,2.299999952316284,1.5,0.0,0.09910938143730164,0.0277989711612463,0.794,0.794,0.288,0.011,-1.0,1.0,0.0,3.0,0.0
9.800000190734863,-11.899999618530273,-7.0,0.0,0.0552171915769577,-0.06704943627119064,0.794,0.794,0.478,0.011,2.0,3.0,6.0,3.0,10.0
84.5999984741211,0.10000000149011612,0.0,-0.25,0.20043247938156128,0.00023691781098023057,0.794,1.317,0.288,0.011,-2.0,3.0,3.0,3.0,4.0
82.4000015258789,-18.100000381469727,0.0,0.0,1.3936889171600342,-0.30613797903060913,0.005,0.005,0.005,0.005,3.5,6.0,4.0,0.0,7.0
