x,y,vx,vy,vx_comp,vy_comp,x_rms,y_rms,vx_rms,vy_rms,rcs,pdh0,dyn_prop,ambig_state,valid_state
8.600000381469727,-8.899999618530273,-6.0,0.0,0.03367685154080391,-0.034851621836423874,0.616,0.616,0.371,0.011,-3.5,1.0,2.0,1.0,0.0
9.800000190734863,-11.5,-6.75,0.0,0.04372446611523628,-0.05130932480096817,0.616,0.616,0.478,0.011,1.0,3.0,6.0,3.0,10.0
8.399999618530273,14.300000190734863,9.5,0.0,0.020746711641550064,0.035318806767463684,0.794,0.794,0.616,0.011,0.5,1.0,0.0,1.0,16.0
21.799999237060547,-2.5,-0.75,-0.25,0.13957974314689636,-0.016006851568818092,1.023,0.794,0.288,0.011,-2.0,1.0,3.0,3.0,0.0
61.400001525878906,9.899999618530273,1.0,0.0,0.29382628202438354,0.04737589508295059,0.616,0.794,0.288,0.011,-2.5,3.0,0.0,1.0,4.0
61.599998474121094,-50.5,-5.25,-0.5,0.007548000197857618,-0.006187889724969864,1.317,1.317,0.371,0.011,7.5,1.0,2.0,3.0,0.0
8.0,-0.10000000149011612,0.0,0.0,0.28451961278915405,-0.003556495299562812,1.023,0.616,0.288,0.011,3.0,6.0,1.0,3.0,8.0
82.5999984741211,-18.700000762939453,0.0,0.0,1.4219958782196045,-0.32192888855934143,0.005,0.005,0.005,0.005,-0.5,6.0,4.0,0.0,7.0
