x,y,vx,vy,vx_comp,vy_comp,x_rms,y_rms,vx_rms,vy_rms,rcs,pdh0,dyn_prop,ambig_state,valid_state
10.199999809265137,-10.899999618530273,-6.5,-0.25,-0.0018674255115911365,0.001995582366362214,0.616,0.616,0.478,0.011,4.0,1.0,6.0,3.0,0.0
61.400001525878906,10.100000381469727,1.0,0.0,0.28882530331611633,0.04751034453511238,0.616,0.616,0.288,0.011,-3.0,3.0,0.0,2.0,4.0
77.5999984741211,-57.70000076293945,-4.25,0.0,0.09749922901391983,-0.0724962055683136,0.616,0.794,0.371,0.011,17.0,1.0,2.0,1.0,0.0
8.399999618530273,-0.10000000149011612,-0.25,-0.25,0.04127189889550209,-0.0004913321463391185,0.794,0.616,0.288,0.011,2.0,6.0,1.0,3.0,8.0
82.5999984741211,-17.100000381469727,0.0,0.0,1.3282577991485596,-0.27497830986976624,0.005,0.005,0.005,0.005,0.0,6.0,4.0,0.0,7.0
82.5999984741211,17.5,0.0,0.0,-0.9279992580413818,-0.19661001861095428,0.005,0.005,0.005,0.005,3.5,6.0,4.0,0.0,7.0
