x,y,vx,vy,vx_comp,vy_comp,x_rms,y_rms,vx_rms,vy_rms,rcs,pdh0,dyn_prop,ambig_state,valid_state
8.0,3.700000047683716,2.5,0.0,0.13720448315143585,0.06345707178115845,0.616,0.794,0.288,0.011,-1.5,1.0,0.0,3.0,0.0
10.0,-10.5,-6.5,-0.25,-0.07493578642606735,0.07868257910013199,0.616,0.616,0.478,0.011,5.0,1.0,6.0,3.0,0.0
8.399999618530273,15.100000381469727,0.0,0.0,-2.3065807819366455,-4.1463541984558105,0.005,0.005,0.005,0.005,-5.0,6.0,4.0,0.0,7.0
84.4000015258789,0.699999988079071,0.0,-1.75,0.178582563996315,0.0014811349101364613,0.794,1.317,0.288,0.011,1.0,1.0,3.0,3.0,0.0
8.399999618530273,1.2999999523162842,-0.5,-0.25,-1.1331799030303955,-0.17537307739257812,0.794,0.616,0.288,0.011,-3.0,3.0,1.0,3.0,0.0
82.5999984741211,-17.700000762939453,0.0,0.0,1.3683902025222778,-0.2932264804840088,0.005,0.005,0.005,0.005,5.5,6.0,4.0,0.0,7.0
83.0,16.5,0.0,0.0,-0.8336244225502014,-0.16572052240371704,0.005,0.005,0.005,0.005,-4.0,6.0,4.0,0.0,7.0
