x,y,vx,vy,vx_comp,vy_comp,x_rms,y_rms,vx_rms,vy_rms,rcs,pdh0,dyn_prop,ambig_state,valid_state
6.0,4.5,4.0,-0.25,-0.044164519757032394,-0.03312338888645172,0.616,0.616,0.371,0.011,-4.5,1.0,6.0,3.0,0.0
8.399999618530273,4.099999904632568,2.5,0.0,0.05054834112524986,0.024672405794262886,0.616,0.794,0.288,0.011,1.0,1.0,0.0,3.0,0.0
61.400001525878906,10.899999618530273,1.0,0.0,0.26662227511405945,0.04733196273446083,0.616,0.794,0.288,0.011,7.0,1.0,1.0,2.0,0.0
57.79999923706055,-47.900001525878906,-4.75,0.0,0.04344525933265686,-0.03600394353270531,1.023,1.023,0.371,0.011,7.5,1.0,2.0,1.0,0.0
84.5999984741211,-0.8999999761581421,0.0,-2.25,0.33641982078552246,-0.00357893412001431,0.794,1.317,0.288,0.011,0.0,1.0,1.0,3.0,0.0
77.19999694824219,-57.099998474121094,-4.25,0.0,0.053066421300172806,-0.039249904453754425,1.317,1.317,0.371,0.011,8.0,1.0,2.0,1.0,0.0
82.80000305175781,-15.5,0.0,0.0,1.2425007820129395,-0.23259371519088745,0.005,0.005,0.005,0.005,-2.0,6.0,4.0,0.0,7.0
