x,y,vx,vy,vx_comp,vy_comp,x_rms,y_rms,vx_rms,vy_rms,rcs,pdh0,dyn_prop,ambig_state,valid_state
8.399999618530273,-0.10000000149011612,-0.25,-0.25,0.08464426547288895,-0.001007669954560697,0.616,0.616,0.288,0.011,4.5,1.0,1.0,3.0,0.0
8.399999618530273,4.5,2.75,0.0,0.07519347965717316,0.0402822270989418,0.616,0.794,0.288,0.011,-2.5,1.0,0.0,3.0,0.0
10.0,-9.699999809265137,-6.0,-0.5,0.020077571272850037,-0.019475243985652924,0.616,0.616,0.371,0.011,5.5,1.0,6.0,3.0,0.0
61.599998474121094,10.899999618530273,1.25,-2.0,0.19238059222698212,0.03404137119650841,0.794,1.023,0.288,0.011,2.0,1.0,0.0,3.0,0.0
76.19999694824219,-57.70000076293945,-4.25,0.0,0.09162284433841705,-0.06937845796346664,1.023,1.023,0.371,0.011,8.0,1.0,2.0,2.0,0.0
