x,y,vx,vy,vx_comp,vy_comp,x_rms,y_rms,vx_rms,vy_rms,rcs,pdh0,dyn_prop,ambig_state,valid_state
7.800000190734863,5.5,3.25,0.0,-0.18404853343963623,-0.12977780401706696,0.616,0.616,0.371,0.011,-2.5,1.0,0.0,1.0,16.0
10.0,-9.300000190734863,-6.0,-0.5,-0.13206037878990173,0.12281614542007446,0.616,0.616,0.371,0.011,8.0,1.0,6.0,3.0,0.0
61.400001525878906,12.100000381469727,1.5,-2.5,0.21226093173027039,0.041829925030469894,0.794,1.023,0.288,0.011,1.5,1.0,0.0,3.0,0.0
61.20000076293945,-49.29999923706055,-4.5,0.0,0.07149756699800491,-0.05759526044130325,1.023,1.023,0.371,0.011,5.5,1.0,2.0,1.0,0.0
84.4000015258789,-0.699999988079071,-0.25,-3.5,0.09921715408563614,-0.0008228910155594349,0.794,1.317,0.288,0.011,-2.5,3.0,1.0,3.0,4.0
76.0,-57.70000076293945,-4.25,0.0,0.07489664852619171,-0.056862324476242065,1.317,1.697,0.371,0.011,7.0,1.0,6.0,3.0,0.0
8.199999809265137,-0.10000000149011612,-0.25,-0.5,0.09730877727270126,-0.001186692388728261,0.794,0.616,0.288,0.011,-4.5,1.0,1.0,3.0,0.0
82.4000015258789,17.700000762939453,0.0,0.0,-0.8435184359550476,-0.18119266629219055,0.005,0.005,0.005,0.005,-2.0,6.0,4.0,0.0,7.0
82.4000015258789,-18.100000381469727,0.0,0.0,1.392397403717041,-0.30585429072380066,0.005,0.005,0.005,0.005,-0.5,6.0,4.0,0.0,7.0
