x,y,vx,vy,vx_comp,vy_comp,x_rms,y_rms,vx_rms,vy_rms,rcs,pdh0,dyn_prop,ambig_state,valid_state
2.0,6.099999904632568,0.0,0.0,-1.5306178331375122,-4.668384075164795,0.005,0.005,0.005,0.005,-4.5,6.0,4.0,0.0,7.0
3.4000000953674316,5.699999809265137,9.25,-0.25,0.07975323498249054,0.13370394706726074,0.616,0.616,0.616,0.011,-1.5,1.0,6.0,3.0,0.0
8.0,5.900000095367432,3.5,0.0,-0.0492694154381752,-0.03633619472384453,0.616,0.616,0.371,0.011,1.0,1.0,0.0,1.0,16.0
9.800000190734863,-8.699999809265137,-5.75,-0.75,-0.050761476159095764,0.04506375640630722,0.616,0.616,0.371,0.011,1.0,1.0,6.0,3.0,0.0
61.0,-48.70000076293945,-4.5,0.0,0.013477012515068054,-0.010759515687823296,1.317,1.317,0.371,0.011,3.5,1.0,6.0,3.0,0.0
84.4000015258789,1.2999999523162842,0.0,-4.5,0.16198404133319855,0.002495014574378729,1.023,1.317,0.288,0.011,-2.5,3.0,3.0,3.0,4.0
77.80000305175781,-59.5,-4.25,0.0,0.05994970351457596,-0.04584842175245285,1.317,1.697,0.371,0.011,8.0,1.0,2.0,1.0,0.0
82.5999984741211,-17.899999618530273,0.0,0.0,1.3899084329605103,-0.3012029230594635,0.005,0.005,0.005,0.005,9.0,6.0,4.0,0.0,7.0
83.4000015258789,-14.899999618530273,0.0,0.0,1.2157504558563232,-0.21720239520072937,0.005,0.005,0.005,0.005,-2.0,6.0,4.0,0.0,7.0
