x,y,vx,vy,vx_comp,vy_comp,x_rms,y_rms,vx_rms,vy_rms,rcs,pdh0,dyn_prop,ambig_state,valid_state
5.800000190734863,6.699999809265137,6.5,-0.5,0.1533609926700592,0.177158385515213,0.794,0.794,0.478,0.011,-2.5,1.0,6.0,3.0,0.0
6.599999904632568,6.5,5.25,0.0,0.28490421175956726,0.28058749437332153,0.616,0.616,0.371,0.011,-0.5,1.0,0.0,2.0,0.0
8.800000190734863,5.900000095367432,3.25,0.0,0.12249570339918137,0.08212780207395554,0.794,1.023,0.371,0.011,-2.5,1.0,0.0,3.0,0.0
8.600000381469727,6.300000190734863,3.75,0.0,0.2331579327583313,0.17080172896385193,0.794,1.023,0.371,0.011,1.0,1.0,0.0,3.0,0.0
9.600000381469727,-8.100000381469727,-5.25,-0.75,0.05548582971096039,-0.04681617021560669,0.616,0.616,0.371,0.011,-2.0,1.0,6.0,3.0,0.0
15.600000381469727,14.699999809265137,4.75,0.0,0.14828036725521088,0.1397257298231125,0.616,0.616,0.371,0.011,-4.0,3.0,0.0,2.0,4.0
84.4000015258789,0.30000001192092896,-0.25,-5.5,0.0865805447101593,0.00030775077175348997,0.794,1.317,0.288,0.011,-1.5,3.0,1.0,3.0,4.0
76.0,-56.70000076293945,-7.75,-5.0,0.12217020243406296,-0.09114539623260498,1.317,1.317,0.371,0.011,6.0,1.0,2.0,3.0,0.0
83.19999694824219,-15.100000381469727,0.0,0.0,1.2657655477523804,-0.22972427308559418,0.005,0.005,0.005,0.005,-4.0,6.0,4.0,0.0,7.0
