x,y,vx,vy,vx_comp,vy_comp,x_rms,y_rms,vx_rms,vy_rms,rcs,pdh0,dyn_prop,ambig_state,valid_state
7.0,7.099999904632568,5.25,0.0,0.24036696553230286,0.24380077421665192,0.794,1.023,0.371,0.011,-4.0,1.0,0.0,3.0,0.0
8.600000381469727,6.699999809265137,4.0,0.0,0.26857417821884155,0.20923800766468048,0.794,1.023,0.371,0.011,-4.5,1.0,0.0,3.0,16.0
9.600000381469727,-7.699999809265137,-5.25,-1.0,0.005753467790782452,-0.004614760633558035,0.616,0.616,0.371,0.011,-3.0,1.0,6.0,3.0,0.0
5.800000190734863,-17.100000381469727,0.0,0.0,1.5838552713394165,-4.669641494750977,0.005,0.005,0.005,0.005,4.0,6.0,4.0,0.0,7.0
56.400001525878906,-46.70000076293945,-4.5,0.0,0.05279679223895073,-0.043716493993997574,1.023,1.317,0.371,0.011,5.5,1.0,2.0,1.0,0.0
74.0,-58.29999923706055,-8.75,-5.75,0.10188903659582138,-0.08027203381061554,1.317,1.317,0.371,0.011,5.0,1.0,2.0,3.0,0.0
