x,y,vx,vy,vx_comp,vy_comp,x_rms,y_rms,vx_rms,vy_rms,rcs,pdh0,dyn_prop,ambig_state,valid_state
5.800000190734863,7.699999809265137,7.5,-1.0,-0.03412380814552307,-0.04530229791998863,0.616,0.616,0.478,0.011,3.5,1.0,6.0,3.0,0.0
8.0,7.699999809265137,4.25,0.0,-0.0950518399477005,-0.09148739278316498,0.616,1.023,0.371,0.011,-1.0,1.0,0.0,3.0,16.0
76.0,-57.29999923706055,-4.0,0.0,0.11948230117559433,-0.09008337557315826,1.317,1.317,0.371,0.011,5.5,1.0,0.0,1.0,0.0
82.5999984741211,17.5,0.0,0.0,-0.6347038149833679,-0.13447114825248718,0.005,0.005,0.005,0.005,2.5,6.0,4.0,0.0,7.0
82.4000015258789,18.700000762939453,0.0,0.0,-0.7027242183685303,-0.15947747230529785,0.005,0.005,0.005,0.005,-2.5,6.0,4.0,0.0,7.0
