x,y,vx,vy,vx_comp,vy_comp,x_rms,y_rms,vx_rms,vy_rms,rcs,pdh0,dyn_prop,ambig_state,valid_state
6.599999904632568,9.5,9.0,-1.5,0.29966384172439575,0.43133431673049927,0.616,0.616,0.616,0.011,9.0,1.0,0.0,3.0,0.0
9.199999809265137,8.5,5.75,-2.0,0.16710031032562256,0.15438616275787354,0.616,0.616,0.371,0.011,6.5,1.0,0.0,3.0,0.0
32.400001525878906,-9.5,-1.75,0.0,0.14197950065135956,-0.04162978380918503,0.616,0.616,0.288,0.011,-4.5,3.0,1.0,1.0,4.0
54.0,-48.099998474121094,-4.5,0.0,0.057254236191511154,-0.05099867656826973,1.023,1.317,0.371,0.011,5.0,1.0,6.0,3.0,0.0
56.79999923706055,-48.29999923706055,-4.25,0.0,0.09882353991270065,-0.08403480052947998,1.317,1.317,0.371,0.011,2.0,1.0,6.0,3.0,0.0
