x,y,vx,vy,vx_comp,vy_comp,x_rms,y_rms,vx_rms,vy_rms,rcs,pdh0,dyn_prop,ambig_state,valid_state
5.400000095367432,9.5,0.0,0.0,-1.7594797611236572,-3.095381259918213,0.005,0.005,0.005,0.005,1.0,6.0,4.0,0.0,7.0
6.599999904632568,9.899999618530273,6.75,0.0,0.2140110284090042,0.3210165798664093,0.616,0.616,0.616,0.011,3.0,1.0,0.0,3.0,0.0
9.199999809265137,8.5,3.75,0.0,0.13606448471546173,0.12571175396442413,0.616,0.616,0.371,0.011,6.5,1.0,0.0,1.0,0.0
9.0,9.100000381469727,4.25,0.0,0.1805953085422516,0.1826019287109375,0.616,0.616,0.371,0.011,7.0,1.0,0.0,1.0,0.0
16.600000381469727,17.100000381469727,4.25,0.0,0.13626518845558167,0.14036956429481506,0.616,0.616,0.371,0.011,-4.0,3.0,0.0,2.0,4.0
13.600000381469727,22.899999618530273,-5.75,0.0,-3.2905900478363037,-5.540773391723633,0.794,0.794,0.616,0.011,3.5,1.0,2.0,1.0,0.0
32.400001525878906,-8.5,-1.5,0.0,0.24964915215969086,-0.06549437344074249,0.616,0.616,0.288,0.011,-5.0,3.0,1.0,2.0,4.0
53.20000076293945,-48.29999923706055,-4.5,0.0,0.07223687320947647,-0.0655834749341011,1.023,1.023,0.371,0.011,4.5,1.0,6.0,3.0,0.0
