x,y,vx,vy,vx_comp,vy_comp,x_rms,y_rms,vx_rms,vy_rms,rcs,pdh0,dyn_prop,ambig_state,valid_state
7.599999904632568,-1.100000023841858,-1.25,-2.0,0.2909430265426636,-0.042110174894332886,0.616,0.616,0.288,0.011,-4.0,1.0,2.0,3.0,0.0
4.800000190734863,10.300000190734863,0.0,0.0,-1.5650333166122437,-3.3583004474639893,0.005,0.005,0.005,0.005,1.0,6.0,4.0,0.0,7.0
6.400000095367432,9.899999618530273,6.5,0.0,0.10347481817007065,0.16006259620189667,0.616,0.616,0.616,0.011,8.5,1.0,0.0,1.0,0.0
7.800000190734863,9.5,5.25,0.0,0.21793949604034424,0.26543909311294556,0.794,0.794,0.478,0.011,0.0,1.0,0.0,3.0,0.0
9.399999618530273,8.699999809265137,3.75,0.0,0.17318546772003174,0.16028867661952972,0.616,0.616,0.371,0.011,6.5,1.0,0.0,2.0,0.0
32.0,-8.5,-1.5,0.0,0.26795104146003723,-0.0711745023727417,0.616,0.616,0.288,0.011,-3.5,3.0,1.0,1.0,4.0
52.0,-48.5,-4.5,0.0,0.11097849160432816,-0.10350877791643143,1.317,1.317,0.371,0.011,4.5,1.0,6.0,3.0,0.0
55.599998474121094,-49.099998474121094,-4.25,0.0,0.13504421710968018,-0.11925667524337769,0.794,1.023,0.371,0.011,8.0,1.0,6.0,3.0,0.0
59.0,-50.5,-4.25,0.0,0.07008855789899826,-0.05999105051159859,1.023,1.317,0.371,0.011,2.5,3.0,0.0,1.0,9.0
