x,y,vx,vy,vx_comp,vy_comp,x_rms,y_rms,vx_rms,vy_rms,rcs,pdh0,dyn_prop,ambig_state,valid_state
7.199999809265137,-1.5,-1.5,0.0,0.08477329462766647,-0.01766110397875309,0.616,0.616,0.288,0.011,5.5,1.0,2.0,3.0,0.0
7.800000190734863,10.699999809265137,5.25,0.0,0.09926315397024155,0.1361686885356903,0.616,1.023,0.478,0.011,0.0,1.0,0.0,3.0,0.0
9.600000381469727,9.5,3.75,0.0,0.18743912875652313,0.18548662960529327,0.616,0.616,0.371,0.011,8.0,1.0,0.0,3.0,0.0
9.600000381469727,10.899999618530273,4.5,0.0,0.22552244365215302,0.25606194138526917,0.616,0.616,0.478,0.011,5.0,3.0,0.0,2.0,10.0
18.0,17.5,3.5,0.0,0.09921041131019592,0.09645456075668335,0.616,0.616,0.371,0.011,-3.0,3.0,1.0,1.0,4.0
31.600000381469727,-10.100000381469727,-1.75,0.0,0.2721313536167145,-0.08697868883609772,0.616,0.616,0.288,0.011,-3.5,3.0,1.0,1.0,4.0
33.79999923706055,-9.5,-1.75,0.0,0.12979921698570251,-0.036482032388448715,0.616,0.616,0.288,0.011,-3.5,3.0,1.0,1.0,4.0
7.400000095367432,-1.5,0.0,0.0,1.5033342838287354,-0.3047299087047577,0.005,0.005,0.005,0.005,-1.5,6.0,4.0,0.0,7.0
