x,y,vx,vy,vx_comp,vy_comp,x_rms,y_rms,vx_rms,vy_rms,rcs,pdh0,dyn_prop,ambig_state,valid_state
13.0,-3.0999999046325684,-1.5,0.0,0.2653980553150177,-0.06328722834587097,0.616,0.616,0.288,0.011,2.5,1.0,5.0,3.0,0.0
10.199999809265137,9.899999618530273,3.25,0.0,0.13663192093372345,0.13261333107948303,0.616,0.616,0.371,0.011,-3.5,1.0,5.0,3.0,0.0
10.399999618530273,11.5,3.75,0.0,0.1046307310461998,0.1156974509358406,0.616,0.616,0.478,0.011,0.0,1.0,5.0,3.0,0.0
20.200000762939453,-23.100000381469727,-5.25,0.0,0.04233981668949127,-0.048418302088975906,0.616,0.616,0.478,0.011,-0.5,1.0,0.0,2.0,0.0
34.20000076293945,-9.300000190734863,-1.75,0.0,0.15121418237686157,-0.04111964628100395,0.616,0.616,0.288,0.011,-1.0,3.0,0.0,2.0,4.0
48.0,-53.900001525878906,-5.0,0.0,0.11779680103063583,-0.1322759985923767,1.317,1.317,0.478,0.011,9.5,1.0,0.0,1.0,0.0
80.19999694824219,-22.899999618530273,-1.75,0.0,0.19973701238632202,-0.05703214183449745,0.794,1.023,0.288,0.011,-1.0,3.0,0.0,1.0,4.0
13.0,-2.5,0.0,0.0,1.5415757894515991,-0.29645687341690063,0.005,0.005,0.005,0.005,-2.5,6.0,4.0,0.0,7.0
