range,azimuth,vr,rcs,vr_comp,x_cc,y_cc,x_seq,y_seq,label_id
5.1830044,-0.14116967,-1.4283085,-25.65051,-2.4964561,3.3803616,-6.048292,2079.12,-654.0543,11.0
5.1874943,-0.0813228,-0.06421603,-13.979441,-0.116305105,3.6904314,-6.060422,2079.0874,-654.3629,11.0
5.6566396,-0.029234784,0.20274958,-25.716963,1.0352719,3.9873774,-6.5203314,2078.6084,-654.62836,11.0
5.6699615,-0.06467786,-0.10604578,-26.023413,0.12464585,3.787349,-6.541598,2078.6006,-654.4273,11.0
2.0999858,-0.08002686,0.0038632592,-3.2874818,-0.026208619,3.676826,-2.9729402,2082.1687,-654.5563,11.0
2.5933485,-0.07876825,-0.027430467,3.1512227,-0.03611942,3.6833382,-3.4662688,2081.676,-654.52966,11.0
13.578566,0.68334496,-6.6705236,-21.163307,5.0535607,13.115087,-10.621615,2073.9045,-663.46063,11.0
