range,azimuth,vr,rcs,vr_comp,x_cc,y_cc,x_seq,y_seq,label_id
2.6590254,-0.30527902,3.445504,-23.742132,0.036584634,3.0861783,-3.4687066,2162.551,-1046.255,11.0
1.7833332,-0.12080966,0.62360656,-27.3759,0.0052112923,3.6020238,-2.6552904,2163.5095,-1046.3507,11.0
2.0999856,-0.0862713,0.13858514,-9.933833,0.047876667,3.663713,-2.9729855,2163.2534,-1046.5485,11.0
2.4876754,-0.08732589,0.16183347,-5.5711617,0.055007823,3.661221,-3.3606749,2162.9058,-1046.7203,11.0
2.7404664,0.18373336,-3.9547553,-26.282875,0.034317728,4.3948774,-3.5139298,2163.0981,-1047.4447,11.0
2.7416983,0.21670833,-4.477439,-22.155306,-0.0041305185,4.4819164,-3.4895406,2163.1592,-1047.5115,11.0
8.752288,1.1898458,-14.522768,-13.531515,0.07501108,12.038886,-3.4121084,2166.6208,-1054.2294,11.0
