range,azimuth,vr,rcs,vr_comp,x_cc,y_cc,x_seq,y_seq,label_id
7.8789186,-0.5806868,8.609433,-25.41911,-0.029724307,-0.07332798,-7.809657,2150.386,197.138,11.0
6.2479157,-0.033599213,-0.8947559,-26.275064,-0.048682194,3.994057,-7.1121387,2150.7861,193.03069,11.0
4.319012,-0.07531607,0.10672499,-13.272242,0.20152907,3.711781,-5.1917367,2152.722,193.17268,11.0
6.9067383,0.25776687,-6.055143,-25.636147,-0.07507882,5.9947906,-7.374214,2150.3794,191.05428,11.0
12.410933,0.36866933,-7.9174986,-25.226479,-0.093268245,9.12026,-12.019729,2145.519,188.27458,11.0
1.6799885,-0.10651609,0.42445064,-20.313713,-0.042799238,3.6295617,-2.5526557,2155.3599,193.06294,11.0
1.7699318,0.2164818,-5.30833,-23.494778,-0.03479427,4.1912775,-2.5622547,2155.3096,192.5034,11.0
2.118993,-0.08320633,0.05481987,2.5908608,0.0074716234,3.670214,-2.9919808,2154.919,193.05432,11.0
3.327524,0.62857395,-11.715402,-26.732985,0.01659795,5.845047,-3.3851876,2154.3687,190.9138,11.0
