x,y,vx,vy,vx_comp,vy_comp,x_rms,y_rms,vx_rms,vy_rms,rcs,pdh0,dyn_prop,ambig_state,valid_state
8.600000381469727,-0.10000000149011612,0.0,0.0,-0.016333650797605515,0.00018992616969626397,0.616,0.616,0.288,0.011,4.0,1.0,5.0,3.0,0.0
10.800000190734863,-0.5,0.0,0.0,-0.10138057172298431,0.004693545401096344,0.616,0.616,0.288,0.011,1.0,1.0,5.0,3.0,0.0
10.800000190734863,-3.5,0.75,0.0,-0.031450044363737106,0.01019214279949665,0.616,0.616,0.288,0.011,-1.0,1.0,1.0,3.0,0.0
10.800000190734863,-4.900000095367432,1.0,0.0,-0.08588062226772308,0.03896435722708702,0.616,0.616,0.288,0.011,11.0,1.0,0.0,3.0,0.0
10.800000190734863,-8.300000190734863,1.75,0.0,-0.08034691959619522,0.061748094856739044,0.616,0.616,0.371,0.011,4.0,1.0,0.0,3.0,0.0
10.600000381469727,-9.300000190734863,2.25,0.0,0.05906002223491669,-0.05181681364774704,0.616,0.616,0.371,0.011,6.5,1.0,0.0,1.0,0.0
21.399999618530273,-1.2999999523162842,0.0,0.0,-0.1366347372531891,0.008300240151584148,0.616,0.616,0.288,0.011,4.5,1.0,1.0,3.0,0.0
14.199999809265137,-19.299999237060547,0.0,0.0,-1.1696645021438599,1.5897554159164429,0.794,0.794,0.478,0.011,0.0,1.0,3.0,3.0,16.0
9.399999618530273,-23.299999237060547,0.0,0.0,-0.8515886664390564,2.1108529567718506,0.005,0.005,0.005,0.005,7.5,6.0,4.0,0.0,7.0
24.600000381469727,22.899999618530273,-2.25,0.0,0.027678905054926872,0.02576613426208496,0.616,0.616,0.371,0.011,0.5,1.0,2.0,1.0,0.0
25.200000762939453,25.5,-2.5,0.0,0.00044379231985658407,0.0004490755673032254,0.794,0.794,0.371,0.011,1.5,1.0,2.0,1.0,0.0
36.20000076293945,11.300000190734863,-0.75,0.0,0.027301456779241562,0.0085222776979208,0.616,0.616,0.288,0.011,-1.5,3.0,3.0,3.0,4.0
8.600000381469727,-0.10000000149011612,0.0,0.0,-0.016333650797605515,0.00018992616969626397,1.023,0.616,0.288,0.011,-1.0,1.0,5.0,3.0,0.0
21.200000762939453,-1.100000023841858,0.0,0.0,-0.11503720283508301,0.005968911573290825,0.794,0.616,0.288,0.011,-1.0,1.0,1.0,3.0,0.0
97.4000015258789,19.899999618530273,0.0,0.0,0.49411219358444214,0.1009531021118164,0.005,0.005,0.005,0.005,-3.5,6.0,4.0,0.0,7.0
