x,y,vx,vy,vx_comp,vy_comp,x_rms,y_rms,vx_rms,vy_rms,rcs,pdh0,dyn_prop,ambig_state,valid_state
3.5999999046325684,0.10000000149011612,-0.5,0.0,-0.2494761198759079,-0.006929892580956221,0.616,0.616,0.288,0.011,4.0,1.0,5.0,3.0,0.0
24.399999618530273,13.5,-4.5,-0.25,-0.18888796865940094,-0.1045076921582222,0.616,0.616,0.288,0.011,9.5,1.0,6.0,3.0,0.0
21.200000762939453,34.5,-13.0,0.0,-0.03946102783083916,-0.06421723961830139,0.794,0.616,0.616,0.011,20.0,1.0,2.0,1.0,0.0
44.0,-29.700000762939453,5.25,0.0,-0.02610575407743454,0.01762138493359089,0.794,0.794,0.371,0.011,-1.0,3.0,0.0,1.0,4.0
71.0,-36.70000076293945,4.0,0.0,-0.033210501074790955,0.017166556790471077,1.023,1.317,0.288,0.011,-1.5,3.0,0.0,1.0,4.0
3.5999999046325684,0.10000000149011612,-0.5,0.0,-0.2494761198759079,-0.006929892580956221,0.794,0.616,0.288,0.011,7.0,1.0,5.0,3.0,0.0
87.19999694824219,19.700000762939453,0.0,0.0,1.7238154411315918,0.38943997025489807,0.005,0.005,0.005,0.005,1.0,6.0,4.0,0.0,7.0
