x,y,vx,vy,vx_comp,vy_comp,x_rms,y_rms,vx_rms,vy_rms,rcs,pdh0,dyn_prop,ambig_state,valid_state
3.5999999046325684,0.10000000149011612,-0.25,0.0,-0.004451663699001074,-0.0001236573443748057,0.616,0.616,0.288,0.011,0.5,1.0,5.0,3.0,0.0
18.600000381469727,3.0999999046325684,-1.5,0.0,-0.15170128643512726,-0.02528354525566101,0.616,0.616,0.288,0.011,-4.5,3.0,2.0,3.0,4.0
22.0,1.7000000476837158,-0.75,-0.25,-0.13150827586650848,-0.010162003338336945,0.616,0.616,0.288,0.011,1.5,1.0,5.0,3.0,0.0
24.399999618530273,12.899999618530273,-4.25,-0.25,-0.13652068376541138,-0.07217691093683243,0.616,0.616,0.288,0.011,9.0,1.0,6.0,3.0,0.0
22.799999237060547,32.900001525878906,-11.5,0.0,-0.01976129598915577,-0.028515206649899483,0.794,0.794,0.616,0.011,25.0,1.0,2.0,1.0,0.0
3.5999999046325684,0.10000000149011612,-0.25,0.0,-0.004451663699001074,-0.0001236573443748057,1.023,0.616,0.288,0.011,2.0,1.0,5.0,3.0,0.0
