x,y,vx,vy,vx_comp,vy_comp,x_rms,y_rms,vx_rms,vy_rms,rcs,pdh0,dyn_prop,ambig_state,valid_state
3.5999999046325684,0.10000000149011612,-0.25,0.0,0.0053547886200249195,0.00014874414773657918,0.616,0.616,0.288,0.011,0.0,1.0,1.0,3.0,0.0
11.800000190734863,6.300000190734863,-4.25,0.0,0.08311916887760162,0.04437718167901039,0.616,0.794,0.288,0.011,-3.5,1.0,2.0,3.0,0.0
16.0,6.300000190734863,-3.25,0.0,-0.02502834051847458,-0.009854909963905811,0.794,0.794,0.288,0.011,0.0,1.0,2.0,3.0,0.0
9.0,18.700000762939453,0.0,0.0,3.172362804412842,6.591464519500732,0.005,0.005,0.005,0.005,2.0,6.0,4.0,0.0,7.0
27.0,27.299999237060547,-8.25,0.0,-0.012853325344622135,-0.012996140867471695,0.794,0.794,0.478,0.011,-1.0,3.0,2.0,1.0,4.0
