x,y,vx,vy,vx_comp,vy_comp,x_rms,y_rms,vx_rms,vy_rms,rcs,pdh0,dyn_prop,ambig_state,valid_state
12.0,-18.299999237060547,-11.75,0.0,0.14369824528694153,-0.21913979947566986,0.616,0.794,0.616,0.011,-1.5,1.0,2.0,2.0,0.0
51.599998474121094,-18.899999618530273,5.75,0.0,7.822582244873047,-2.865248203277588,1.023,1.023,0.288,0.011,-2.0,3.0,0.0,1.0,4.0
