x,y,vx,vy,vx_comp,vy_comp,x_rms,y_rms,vx_rms,vy_rms,rcs,pdh0,dyn_prop,ambig_state,valid_state
6.599999904632568,-0.5,-0.5,0.0,-0.010127250105142593,0.0007672160281799734,0.794,0.616,0.288,0.011,3.5,1.0,1.0,3.0,0.0
6.800000190734863,0.10000000149011612,0.25,0.0,0.01097886636853218,0.00016145392146427184,0.616,0.616,0.288,0.011,5.5,1.0,1.0,3.0,0.0
6.800000190734863,8.300000190734863,10.0,0.0,0.018312985077500343,0.022352615371346474,0.616,0.616,0.478,0.011,-4.0,3.0,0.0,1.0,10.0
11.800000190734863,-0.10000000149011612,0.25,0.0,0.1977241188287735,-0.0016756280092522502,0.616,0.616,0.288,0.011,4.5,1.0,1.0,3.0,0.0
13.399999618530273,0.699999988079071,0.5,0.0,-0.0412960946559906,-0.0021572585683315992,0.616,0.616,0.288,0.011,-1.5,1.0,1.0,3.0,0.0
7.400000095367432,13.699999809265137,0.0,0.0,-3.396101951599121,-6.287378311157227,0.005,0.005,0.005,0.005,0.0,6.0,4.0,0.0,7.0
12.399999618530273,-12.899999618530273,-8.5,0.0,-0.11478447169065475,0.1194128766655922,0.616,0.616,0.371,0.011,11.0,1.0,6.0,3.0,0.0
11.600000381469727,-17.100000381469727,-12.0,0.0,-0.07686861604452133,0.11331494152545929,0.616,0.616,0.616,0.011,7.0,1.0,6.0,3.0,0.0
11.600000381469727,19.299999237060547,13.5,0.0,-0.0066749886609613895,-0.011105798184871674,0.794,1.023,0.794,0.011,-2.0,1.0,0.0,1.0,0.0
10.600000381469727,-21.299999237060547,0.0,0.0,3.1896286010742188,-6.409347057342529,0.005,0.005,0.005,0.005,3.0,6.0,4.0,0.0,7.0
12.399999618530273,-23.899999618530273,0.0,0.0,3.267911434173584,-6.298635959625244,0.005,0.005,0.005,0.005,7.0,6.0,4.0,0.0,7.0
12.199999809265137,-26.899999618530273,0.0,0.0,3.0100221633911133,-6.636851787567139,0.005,0.005,0.005,0.005,9.5,6.0,4.0,0.0,7.0
6.800000190734863,0.10000000149011612,0.5,0.0,0.2609248161315918,0.0038371297996491194,0.794,0.616,0.288,0.011,5.0,1.0,1.0,3.0,0.0
