x,y,vx,vy,vx_comp,vy_comp,x_rms,y_rms,vx_rms,vy_rms,rcs,pdh0,dyn_prop,ambig_state,valid_state
6.400000095367432,-0.10000000149011612,0.0,0.0,0.04500806704163551,-0.0007032510475255549,0.616,0.616,0.288,0.011,1.5,1.0,1.0,3.0,0.0
8.199999809265137,5.5,5.5,0.0,-0.10638328641653061,-0.07135464996099472,0.616,0.616,0.371,0.011,-3.5,1.0,6.0,3.0,0.0
10.600000381469727,8.300000190734863,6.5,0.0,-0.053706664592027664,-0.042053330689668655,0.794,0.616,0.371,0.011,-4.5,1.0,6.0,3.0,0.0
6.400000095367432,-11.899999618530273,0.0,0.0,3.4448986053466797,-6.40535831451416,0.005,0.005,0.005,0.005,5.0,6.0,4.0,0.0,7.0
10.800000190734863,9.699999809265137,7.5,0.0,-0.023594511672854424,-0.021191366016864777,0.616,0.616,0.371,0.011,-2.0,1.0,6.0,3.0,0.0
10.600000381469727,11.699999809265137,9.25,0.0,-3.038546310563106e-05,-3.353866850375198e-05,0.616,0.616,0.371,0.011,13.5,1.0,6.0,3.0,0.0
11.199999809265137,12.899999618530273,10.25,0.0,0.25842592120170593,0.2976512908935547,0.616,0.616,0.478,0.011,-2.0,3.0,6.0,3.0,10.0
10.800000190734863,14.300000190734863,11.25,0.0,0.06197788566350937,0.08206330239772797,0.616,0.616,0.478,0.011,7.0,1.0,6.0,3.0,0.0
10.800000190734863,17.5,14.0,0.0,0.12695710361003876,0.2057175487279892,0.794,0.794,0.794,0.011,0.0,1.0,0.0,1.0,16.0
41.599998474121094,-0.8999999761581421,0.0,-0.25,0.1002824679017067,-0.0021695727482438087,0.616,0.616,0.288,0.011,-2.0,3.0,3.0,3.0,4.0
6.400000095367432,-0.10000000149011612,0.0,0.0,0.04500806704163551,-0.0007032510475255549,1.023,0.616,0.288,0.011,0.5,1.0,1.0,3.0,0.0
41.0,9.100000381469727,0.0,0.0,-1.8372232913970947,-0.4077739715576172,0.005,0.005,0.005,0.005,-1.5,6.0,4.0,0.0,7.0
