x,y,vx,vy,vx_comp,vy_comp,x_rms,y_rms,vx_rms,vy_rms,rcs,pdh0,dyn_prop,ambig_state,valid_state
7.0,6.5,7.75,0.0,-0.01063439343124628,-0.009874793700873852,0.616,0.616,0.371,0.011,-5.0,1.0,6.0,3.0,0.0
8.0,6.099999904632568,6.5,0.0,0.06581520289182663,0.050184089690446854,0.616,0.616,0.371,0.011,8.0,1.0,6.0,3.0,0.0
8.0,6.5,6.75,0.0,-0.03587748110294342,-0.029150452464818954,0.616,0.616,0.371,0.011,9.0,1.0,6.0,3.0,0.0
8.800000190734863,6.300000190734863,6.25,0.0,0.15835751593112946,0.11336958408355713,0.794,0.794,0.371,0.011,-3.5,3.0,0.0,1.0,11.0
10.800000190734863,6.300000190734863,5.0,0.0,0.06438906490802765,0.03756028786301613,0.616,0.616,0.371,0.011,-1.0,1.0,0.0,1.0,0.0
7.199999809265137,18.5,0.0,0.0,-2.8077316284179688,-7.214310646057129,0.005,0.005,0.005,0.005,7.0,6.0,4.0,0.0,7.0
47.20000076293945,-1.5,0.0,-0.5,0.19073471426963806,-0.006061484571546316,0.616,0.616,0.288,0.011,0.0,1.0,1.0,3.0,0.0
