x,y,vx,vy,vx_comp,vy_comp,x_rms,y_rms,vx_rms,vy_rms,rcs,pdh0,dyn_prop,ambig_state,valid_state
6.400000095367432,6.900000095367432,9.25,0.0,0.11085067689418793,0.11951088905334473,0.794,0.794,0.478,0.011,-3.0,1.0,6.0,3.0,16.0
7.800000190734863,6.699999809265137,7.0,0.0,-0.11251833289861679,-0.09665035456418991,0.616,0.616,0.371,0.011,8.5,1.0,6.0,3.0,0.0
10.399999618530273,-1.100000023841858,-1.25,0.0,-0.451552152633667,0.04776033014059067,0.616,0.616,0.288,0.011,-3.5,1.0,6.0,3.0,0.0
11.0,6.900000095367432,5.5,0.0,0.16014449298381805,0.10045427083969116,0.616,0.616,0.371,0.011,-2.5,1.0,0.0,2.0,0.0
6.599999904632568,-14.899999618530273,0.0,0.0,3.0528688430786133,-6.892083168029785,0.005,0.005,0.005,0.005,-2.0,6.0,4.0,0.0,7.0
37.0,-6.699999809265137,-1.25,0.0,0.16174159944057465,-0.029288342222571373,0.616,0.616,0.288,0.011,-2.5,3.0,2.0,1.0,4.0
38.20000076293945,-7.300000190734863,-1.5,0.0,6.326016318780603e-06,-1.208898424920335e-06,0.616,0.616,0.288,0.011,-4.0,3.0,2.0,1.0,4.0
10.399999618530273,-0.30000001192092896,-0.25,0.0,-0.0935174971818924,0.0026976203080266714,1.023,0.616,0.288,0.011,5.5,1.0,5.0,3.0,0.0
