x,y,vx,vy,vx_comp,vy_comp,x_rms,y_rms,vx_rms,vy_rms,rcs,pdh0,dyn_prop,ambig_state,valid_state
10.399999618530273,-0.30000001192092896,-0.25,0.0,-0.09314323216676712,0.002686824183911085,0.616,0.616,0.288,0.011,-3.5,1.0,1.0,3.0,0.0
8.0,10.699999809265137,11.25,0.0,0.013990991748869419,0.018712952733039856,0.616,0.616,0.478,0.011,7.0,1.0,6.0,3.0,0.0
8.800000190734863,10.300000190734863,10.5,0.0,0.28642138838768005,0.33524322509765625,0.616,0.794,0.478,0.011,-4.5,3.0,6.0,3.0,10.0
10.800000190734863,-16.5,-12.25,0.0,0.11326184868812561,-0.17303892970085144,0.616,0.794,0.616,0.011,-2.5,1.0,2.0,2.0,0.0
45.79999923706055,-1.899999976158142,-0.25,-0.25,0.022262755781412125,-0.0009235640754923224,0.616,0.616,0.288,0.011,2.5,1.0,1.0,3.0,0.0
46.599998474121094,29.899999618530273,5.5,0.0,0.05562669411301613,0.03569180518388748,0.794,0.794,0.371,0.011,-1.5,3.0,0.0,2.0,4.0
48.20000076293945,30.899999618530273,5.75,0.0,0.23609143495559692,0.15135321021080017,1.023,1.023,0.371,0.011,0.0,3.0,0.0,1.0,4.0
