x,y,vx,vy,vx_comp,vy_comp,x_rms,y_rms,vx_rms,vy_rms,rcs,pdh0,dyn_prop,ambig_state,valid_state
6.599999904632568,0.10000000149011612,0.25,0.0,0.040769655257463455,0.0006177220493555069,0.616,0.616,0.288,0.011,1.0,1.0,5.0,3.0,0.0
10.600000381469727,1.5,1.25,0.0,-0.011601906269788742,-0.0016417790902778506,0.616,0.616,0.288,0.011,-4.0,1.0,0.0,2.0,0.0
8.0,11.5,12.0,0.0,-0.01890367455780506,-0.027174033224582672,0.616,0.616,0.478,0.011,10.5,1.0,6.0,3.0,0.0
6.400000095367432,13.100000381469727,0.0,0.0,-3.301600933074951,-6.757964134216309,0.005,0.005,0.005,0.005,-3.0,6.0,4.0,0.0,7.0
6.599999904632568,-0.10000000149011612,0.0,0.0,0.04320573806762695,-0.0006546324002556503,1.023,0.616,0.288,0.011,12.5,6.0,5.0,3.0,8.0
6.599999904632568,0.10000000149011612,0.25,0.0,0.040769655257463455,0.0006177220493555069,1.023,0.616,0.288,0.011,7.0,6.0,1.0,3.0,8.0
