x,y,vx,vy,vx_comp,vy_comp,x_rms,y_rms,vx_rms,vy_rms,rcs,pdh0,dyn_prop,ambig_state,valid_state
6.599999904632568,0.10000000149011612,0.25,0.0,0.04036201909184456,0.0006115457508713007,0.616,0.616,0.288,0.011,0.0,1.0,5.0,3.0,0.0
7.199999809265137,13.5,0.0,0.0,-3.480968713760376,-6.5268168449401855,0.005,0.005,0.005,0.005,2.5,6.0,4.0,0.0,7.0
8.0,13.699999809265137,14.25,0.0,-0.028905672952532768,-0.0495009645819664,0.616,0.616,0.616,0.011,7.0,1.0,6.0,3.0,0.0
6.199999809265137,-14.899999618530273,0.0,0.0,2.9454705715179443,-7.078630447387695,0.005,0.005,0.005,0.005,9.0,6.0,4.0,0.0,7.0
7.599999904632568,17.299999237060547,0.0,0.0,-3.084192991256714,-7.020596981048584,0.005,0.005,0.005,0.005,-3.5,6.0,4.0,0.0,7.0
13.800000190734863,21.899999618530273,-14.25,0.0,-7.834963798522949,-12.433747291564941,0.794,0.794,0.794,0.011,2.0,1.0,2.0,1.0,16.0
47.599998474121094,32.70000076293945,6.0,0.0,0.12778614461421967,0.08778586238622665,1.023,1.023,0.371,0.011,-4.0,3.0,0.0,1.0,4.0
