x,y,vx,vy,vx_comp,vy_comp,x_rms,y_rms,vx_rms,vy_rms,rcs,pdh0,dyn_prop,ambig_state,valid_state
6.800000190734863,-0.30000001192092896,-0.25,0.0,0.018878785893321037,-0.0008328876574523747,0.794,0.616,0.288,0.011,-4.5,1.0,1.0,3.0,0.0
6.800000190734863,2.0999999046325684,3.0,0.0,0.30333593487739563,0.09367726743221283,0.616,0.616,0.288,0.011,-4.0,1.0,6.0,3.0,0.0
11.199999809265137,10.100000381469727,8.0,0.0,0.2197846919298172,0.19819870591163635,0.794,1.023,0.371,0.011,-3.5,1.0,0.0,3.0,0.0
15.199999809265137,16.100000381469727,9.25,0.0,0.15960143506526947,0.16905152797698975,0.616,0.616,0.478,0.011,5.0,1.0,0.0,1.0,0.0
8.0,20.700000762939453,0.0,0.0,-2.8105320930480957,-7.272252082824707,0.005,0.005,0.005,0.005,1.5,6.0,4.0,0.0,7.0
12.199999809265137,-36.099998474121094,0.0,0.0,2.5136239528656006,-7.437854766845703,0.005,0.005,0.005,0.005,21.0,6.0,4.0,0.0,7.0
