x,y,vx,vy,vx_comp,vy_comp,x_rms,y_rms,vx_rms,vy_rms,rcs,pdh0,dyn_prop,ambig_state,valid_state
3.200000047683716,10.300000190734863,0.0,0.0,-2.384279251098633,-7.6743974685668945,0.005,0.005,0.005,0.005,7.5,6.0,4.0,0.0,7.0
7.400000095367432,13.5,0.0,0.0,-3.560377836227417,-6.495283603668213,0.005,0.005,0.005,0.005,-1.0,6.0,4.0,0.0,7.0
10.800000190734863,17.299999237060547,13.5,0.0,-0.013176224194467068,-0.021106360480189323,0.794,0.794,0.794,0.011,-2.0,1.0,6.0,3.0,0.0
8.199999809265137,20.299999237060547,0.0,0.0,-2.9267115592956543,-7.245396137237549,0.005,0.005,0.005,0.005,6.0,6.0,4.0,0.0,7.0
10.600000381469727,-21.100000381469727,0.0,0.0,3.3319849967956543,-6.632535934448242,0.005,0.005,0.005,0.005,1.0,6.0,4.0,0.0,7.0
13.800000190734863,20.700000762939453,12.75,0.0,0.017193850129842758,0.025790777057409286,1.023,1.023,0.616,0.011,-1.5,1.0,6.0,3.0,0.0
11.399999618530273,-26.5,0.0,0.0,3.018812894821167,-7.017416954040527,0.005,0.005,0.005,0.005,6.5,6.0,4.0,0.0,7.0
13.0,-31.299999237060547,0.0,0.0,2.9465038776397705,-7.094274520874023,0.005,0.005,0.005,0.005,15.5,6.0,4.0,0.0,7.0
47.79999923706055,33.70000076293945,6.25,0.0,0.14209052920341492,0.10017681121826172,0.794,1.023,0.371,0.011,-2.5,3.0,0.0,1.0,4.0
