x,y,vx,vy,vx_comp,vy_comp,x_rms,y_rms,vx_rms,vy_rms,rcs,pdh0,dyn_prop,ambig_state,valid_state
11.600000381469727,-0.5,-0.25,0.0,-0.02263503707945347,0.0009756479994393885,0.616,0.616,0.288,0.011,0.0,1.0,1.0,3.0,0.0
11.199999809265137,-15.899999618530273,-11.75,0.0,-0.0002888203598558903,0.00041002174839377403,0.616,0.616,0.616,0.011,0.0,1.0,2.0,1.0,0.0
10.800000190734863,17.899999618530273,14.0,0.0,-0.0016451559495180845,-0.002726693172007799,0.794,0.794,0.794,0.011,-1.0,1.0,6.0,3.0,0.0
10.800000190734863,-18.5,-14.25,0.0,-0.01162765733897686,0.019917745143175125,0.794,0.794,0.794,0.011,0.5,1.0,2.0,1.0,0.0
11.199999809265137,-19.299999237060547,-14.5,0.0,-0.05288885161280632,0.0911388173699379,0.794,0.794,0.794,0.011,-2.5,3.0,2.0,1.0,11.0
8.199999809265137,21.299999237060547,0.0,0.0,-2.823603630065918,-7.334481239318848,0.005,0.005,0.005,0.005,0.5,6.0,4.0,0.0,7.0
11.600000381469727,-25.700000762939453,0.0,0.0,3.115959405899048,-6.90346097946167,0.005,0.005,0.005,0.005,4.0,6.0,4.0,0.0,7.0
