x,y,vx,vy,vx_comp,vy_comp,x_rms,y_rms,vx_rms,vy_rms,rcs,pdh0,dyn_prop,ambig_state,valid_state
6.0,-0.5,-0.25,0.0,0.3066585958003998,-0.02555488608777523,0.616,0.616,0.288,0.011,-2.0,1.0,1.0,3.0,0.0
6.0,-0.10000000149011612,0.25,0.0,0.2528342008590698,-0.0042139035649597645,0.616,0.616,0.288,0.011,7.5,1.0,1.0,3.0,0.0
11.600000381469727,-0.30000001192092896,0.0,0.0,0.07952484488487244,-0.0020566771272569895,0.616,0.616,0.288,0.011,1.5,1.0,5.0,3.0,0.0
6.400000095367432,-12.5,0.0,0.0,3.3542275428771973,-6.551225662231445,0.005,0.005,0.005,0.005,3.5,6.0,4.0,0.0,7.0
11.199999809265137,-16.700000762939453,-12.5,0.0,-0.06301958858966827,0.09396670758724213,0.794,0.794,0.616,0.011,-3.5,1.0,6.0,3.0,0.0
11.399999618530273,-19.299999237060547,-14.0,0.0,-0.00505539495497942,0.008558694273233414,0.794,0.794,0.794,0.011,-3.0,1.0,6.0,3.0,0.0
11.399999618530273,-28.100000381469727,0.0,0.0,2.885472059249878,-7.112436294555664,0.005,0.005,0.005,0.005,15.0,6.0,4.0,0.0,7.0
6.0,-0.10000000149011612,0.0,0.0,0.002903614891692996,-4.839358734898269e-05,1.023,0.616,0.288,0.011,-2.5,1.0,1.0,3.0,0.0
