Tx,Ty,Tz,q1,q2,q3,q4
3.412,0.0,0.5,0.9999974259839071,0.0,0.0,-0.0022689260808398757
