Tx,Ty,Tz,q1,q2,q3,q4
2.422,0.8,0.78,0.7171539204983457,0.0,0.0,0.6969148113750004
