Tx,Ty,Tz,q1,q2,q3,q4
-0.562,0.628,0.53,0.04876260733128922,0.0,0.0,0.9988103964848657
