Tx,Ty,Tz,q1,q2,q3,q4
2.422,-0.8,0.77,0.7010337393110511,0.0,0.0,-0.7131281065471795
