x,y,vx,vy,vx_comp,vy_comp,x_rms,y_rms,vx_rms,vy_rms,rcs,pdh0,dyn_prop,ambig_state,valid_state
9.199999809265137,-13.5,-10.0,-0.5,-0.011992271989583969,0.01759735681116581,0.616,0.616,0.478,0.011,2.5,1.0,6.0,3.0,0.0
23.200000762939453,13.300000190734863,3.25,0.0,0.04577910155057907,0.02624405175447464,0.794,0.616,0.371,0.011,-3.5,3.0,0.0,3.0,4.0
28.399999618530273,18.5,4.0,0.0,0.23546411097049713,0.1533832997083664,0.794,0.794,0.371,0.011,-2.0,3.0,0.0,1.0,4.0
28.200000762939453,20.299999237060547,4.25,0.0,0.11122161149978638,0.08006378263235092,0.616,0.616,0.371,0.011,-1.0,1.0,0.0,1.0,0.0
30.799999237060547,22.299999237060547,4.25,0.0,0.09414301067590714,0.0681619867682457,0.616,0.616,0.371,0.011,-2.5,3.0,0.0,1.0,4.0
23.399999618530273,32.29999923706055,8.25,0.0,0.051541637629270554,0.07114508002996445,1.023,1.023,0.616,0.011,4.5,1.0,0.0,1.0,0.0
39.20000076293945,22.899999618530273,3.5,0.0,0.1822516918182373,0.10646845400333405,0.794,0.794,0.371,0.011,-2.0,3.0,0.0,1.0,4.0
8.199999809265137,0.699999988079071,0.5,-0.5,0.23540732264518738,0.020095746964216232,1.023,0.616,0.288,0.011,-3.0,1.0,7.0,3.0,0.0
