x,y,vx,vy,vx_comp,vy_comp,x_rms,y_rms,vx_rms,vy_rms,rcs,pdh0,dyn_prop,ambig_state,valid_state
9.199999809265137,-12.5,-9.75,-0.75,-0.03595804050564766,0.04885603487491608,0.616,0.616,0.478,0.011,2.5,1.0,6.0,3.0,0.0
9.399999618530273,-13.699999809265137,-10.5,-0.75,-0.05516831576824188,0.08040488511323929,0.616,0.616,0.478,0.011,1.5,1.0,6.0,3.0,0.0
22.200000762939453,19.299999237060547,5.25,0.0,0.11823596805334091,0.1027907207608223,0.616,0.616,0.371,0.011,4.0,1.0,0.0,1.0,0.0
26.200000762939453,-14.100000381469727,-3.5,0.0,0.0729021281003952,-0.03923358768224716,0.794,0.616,0.288,0.011,-5.0,3.0,2.0,1.0,4.0
28.399999618530273,19.100000381469727,4.0,0.0,0.11384699493646622,0.07656611502170563,0.616,0.616,0.371,0.011,-2.5,3.0,0.0,2.0,4.0
28.399999618530273,23.100000381469727,4.75,0.0,0.030776822939515114,0.025033259764313698,0.616,0.616,0.371,0.011,1.5,1.0,0.0,1.0,0.0
31.799999237060547,27.5,5.25,0.0,0.13488557934761047,0.11664634197950363,0.794,0.794,0.371,0.011,-1.0,3.0,0.0,1.0,4.0
30.399999618530273,32.5,6.5,0.0,0.10836261510848999,0.11584818363189697,0.794,0.794,0.478,0.011,4.0,1.0,0.0,1.0,0.0
35.0,28.5,4.75,0.0,0.0274091437458992,0.022318873554468155,0.794,0.794,0.371,0.011,-3.0,3.0,0.0,1.0,4.0
