x,y,vx,vy,vx_comp,vy_comp,x_rms,y_rms,vx_rms,vy_rms,rcs,pdh0,dyn_prop,ambig_state,valid_state
9.199999809265137,-12.100000381469727,-9.5,-0.75,-0.030569585040211678,0.04020565375685692,0.616,0.616,0.478,0.011,5.5,1.0,6.0,3.0,0.0
9.0,-13.300000190734863,-10.25,-0.75,0.09277018904685974,-0.13709372282028198,0.616,0.616,0.616,0.011,-3.5,3.0,6.0,3.0,11.0
26.0,-13.899999618530273,-3.5,0.0,0.07397322356700897,-0.03954722359776497,0.616,0.616,0.288,0.011,-5.0,3.0,2.0,2.0,4.0
22.399999618530273,19.700000762939453,5.25,0.0,0.048693373799324036,0.04282408580183983,0.616,0.616,0.371,0.011,5.5,1.0,0.0,2.0,0.0
32.0,30.899999618530273,5.75,0.0,0.02726048044860363,0.02632340043783188,0.794,0.794,0.371,0.011,2.5,1.0,0.0,1.0,0.0
