x,y,vx,vy,vx_comp,vy_comp,x_rms,y_rms,vx_rms,vy_rms,rcs,pdh0,dyn_prop,ambig_state,valid_state
3.5999999046325684,5.300000190734863,9.5,0.0,0.19094286859035492,0.28111034631729126,0.794,1.023,0.616,0.011,-1.0,1.0,0.0,3.0,0.0
3.5999999046325684,-8.100000381469727,0.0,0.0,2.3603665828704834,-5.310825347900391,0.005,0.005,0.005,0.005,1.5,6.0,4.0,0.0,7.0
4.0,9.100000381469727,0.0,0.0,-2.2507588863372803,-5.120477199554443,0.005,0.005,0.005,0.005,-1.0,6.0,4.0,0.0,7.0
9.199999809265137,-11.5,-9.0,-0.75,0.005099020432680845,-0.006373775657266378,0.616,0.616,0.478,0.011,4.5,1.0,6.0,3.0,0.0
11.199999809265137,-21.700000762939453,0.0,0.0,2.6002931594848633,-5.038067817687988,0.005,0.005,0.005,0.005,2.5,6.0,4.0,0.0,7.0
32.599998474121094,30.899999618530273,6.0,0.0,0.1969013810157776,0.18663352727890015,0.794,0.794,0.371,0.011,-0.5,3.0,0.0,2.0,4.0
