x,y,vx,vy,vx_comp,vy_comp,x_rms,y_rms,vx_rms,vy_rms,rcs,pdh0,dyn_prop,ambig_state,valid_state
5.800000190734863,-5.5,4.25,0.0,5.527672290802002,-5.241757869720459,0.616,0.616,0.371,0.011,-2.5,1.0,0.0,1.0,0.0
9.0,-10.899999618530273,-8.25,-0.5,0.10506070405244827,-0.12724018096923828,0.616,0.616,0.478,0.011,-4.5,3.0,6.0,3.0,10.0
9.199999809265137,-12.100000381469727,-9.25,-0.5,-0.012137945741415024,0.01596403867006302,0.616,0.616,0.478,0.011,4.0,1.0,6.0,3.0,0.0
11.800000190734863,-20.700000762939453,0.0,0.0,2.7773313522338867,-4.872098445892334,0.005,0.005,0.005,0.005,5.5,6.0,4.0,0.0,7.0
34.0,4.099999904632568,0.75,0.0,0.2629106044769287,0.031703926622867584,0.616,0.616,0.288,0.011,-3.5,3.0,1.0,2.0,4.0
