x,y,vx,vy,vx_comp,vy_comp,x_rms,y_rms,vx_rms,vy_rms,rcs,pdh0,dyn_prop,ambig_state,valid_state
8.800000190734863,-11.100000381469727,-8.5,-0.5,0.1700684130191803,-0.21451811492443085,0.616,0.616,0.478,0.011,2.5,3.0,6.0,3.0,10.0
11.399999618530273,-20.299999237060547,0.0,0.0,2.786221742630005,-4.961429595947266,0.005,0.005,0.005,0.005,5.5,6.0,4.0,0.0,7.0
41.20000076293945,-29.100000381469727,-4.75,0.0,0.014138774946331978,-0.00998636893928051,0.794,0.794,0.371,0.011,0.0,1.0,2.0,1.0,0.0
31.799999237060547,43.70000076293945,8.5,0.0,0.002305625006556511,0.003168422030285001,1.317,1.023,0.616,0.011,8.0,1.0,0.0,1.0,0.0
