x,y,vx,vy,vx_comp,vy_comp,x_rms,y_rms,vx_rms,vy_rms,rcs,pdh0,dyn_prop,ambig_state,valid_state
8.800000190734863,-10.5,-8.25,-0.5,0.11750688403844833,-0.14020706713199615,0.616,0.616,0.478,0.011,-3.5,3.0,6.0,3.0,10.0
11.0,-20.100000381469727,0.0,0.0,2.7693493366241455,-5.060356140136719,0.005,0.005,0.005,0.005,2.0,6.0,4.0,0.0,7.0
32.79999923706055,10.899999618530273,2.0,0.0,0.11512438952922821,0.03825780004262924,0.616,0.616,0.288,0.011,-4.5,3.0,0.0,1.0,4.0
33.79999923706055,51.29999923706055,9.75,0.0,0.07700687646865845,0.11687730252742767,1.317,1.023,0.616,0.011,14.5,1.0,0.0,1.0,0.0
