x,y,vx,vy,vx_comp,vy_comp,x_rms,y_rms,vx_rms,vy_rms,rcs,pdh0,dyn_prop,ambig_state,valid_state
3.4000000953674316,7.099999904632568,0.0,0.0,-2.4837114810943604,-5.186573505401611,0.005,0.005,0.005,0.005,-3.5,6.0,4.0,0.0,7.0
8.600000381469727,-10.300000190734863,-8.25,-0.5,0.16735729575157166,-0.20043954253196716,0.616,0.616,0.478,0.011,-1.0,3.0,6.0,3.0,10.0
41.0,-24.100000381469727,-4.0,0.0,0.06815803796052933,-0.040063630789518356,0.794,0.794,0.371,0.011,2.0,1.0,2.0,1.0,0.0
