x,y,vx,vy,vx_comp,vy_comp,x_rms,y_rms,vx_rms,vy_rms,rcs,pdh0,dyn_prop,ambig_state,valid_state
8.800000190734863,-10.699999809265137,-8.5,-0.5,0.14792968332767487,-0.17986904084682465,0.616,0.616,0.478,0.011,-2.5,3.0,6.0,3.0,10.0
28.399999618530273,-2.700000047683716,-0.75,-1.0,0.23567388951778412,-0.02240561693906784,1.023,0.794,0.288,0.011,-1.5,1.0,3.0,3.0,0.0
32.599998474121094,16.100000381469727,3.25,0.0,0.21895375847816467,0.10813361406326294,0.616,0.616,0.288,0.011,-4.5,3.0,0.0,1.0,4.0
