x,y,vx,vy,vx_comp,vy_comp,x_rms,y_rms,vx_rms,vy_rms,rcs,pdh0,dyn_prop,ambig_state,valid_state
3.5999999046325684,4.5,8.5,0.0,0.1692771017551422,0.21159638464450836,0.616,0.616,0.478,0.011,-4.5,1.0,0.0,1.0,0.0
8.399999618530273,0.5,0.25,-0.5,0.08365689218044281,0.0049795773811638355,0.616,0.616,0.288,0.011,5.5,1.0,7.0,3.0,0.0
8.800000190734863,-8.899999618530273,-7.5,-0.5,0.0013548798160627484,-0.001370276091620326,0.616,0.616,0.371,0.011,-1.5,1.0,6.0,3.0,0.0
9.0,-10.100000381469727,-8.25,-0.5,0.02063244953751564,-0.02315419539809227,0.616,0.616,0.478,0.011,-1.0,1.0,6.0,3.0,0.0
11.0,12.699999809265137,7.5,0.0,0.029837653040885925,0.03444892540574074,0.616,0.616,0.478,0.011,0.0,3.0,0.0,1.0,10.0
8.399999618530273,0.30000001192092896,0.25,-0.5,0.2541327476501465,0.00907617062330246,1.023,0.616,0.288,0.011,0.5,3.0,7.0,3.0,12.0
8.399999618530273,0.30000001192092896,0.25,-0.5,0.2541327476501465,0.00907617062330246,1.023,0.616,0.288,0.011,1.5,1.0,7.0,3.0,0.0
