x,y,vx,vy,vx_comp,vy_comp,x_rms,y_rms,vx_rms,vy_rms,rcs,pdh0,dyn_prop,ambig_state,valid_state
8.399999618530273,0.5,0.25,-0.5,0.08324107527732849,0.004954826086759567,0.616,0.616,0.288,0.011,0.5,1.0,7.0,3.0,0.0
8.800000190734863,-8.899999618530273,-7.5,-0.5,0.04365762695670128,-0.04415373504161835,0.616,0.616,0.371,0.011,-2.5,1.0,6.0,3.0,0.0
42.20000076293945,4.300000190734863,0.75,-1.5,0.17300984263420105,0.01762896403670311,0.616,0.616,0.288,0.011,2.5,1.0,3.0,3.0,0.0
8.399999618530273,0.30000001192092896,0.25,-0.5,0.2556253969669342,0.00912947952747345,1.023,0.616,0.288,0.011,-1.5,1.0,7.0,3.0,0.0
