x,y,vx,vy,vx_comp,vy_comp,x_rms,y_rms,vx_rms,vy_rms,rcs,pdh0,dyn_prop,ambig_state,valid_state
8.800000190734863,-7.300000190734863,-6.25,-0.25,-0.02771276980638504,0.022989001125097275,0.616,0.616,0.371,0.011,-5.0,1.0,6.0,3.0,0.0
7.400000095367432,-11.5,5.0,0.0,4.694394588470459,-7.295342922210693,0.616,0.616,0.616,0.011,-4.0,1.0,0.0,2.0,16.0
17.600000381469727,39.099998474121094,0.0,0.0,-2.5629055500030518,-5.693727970123291,0.005,0.005,0.005,0.005,11.0,6.0,4.0,0.0,7.0
41.79999923706055,-31.100000381469727,-5.25,0.0,0.09742335230112076,-0.07248484343290329,1.023,1.023,0.371,0.011,-1.5,3.0,2.0,1.0,4.0
8.399999618530273,0.5,0.25,-0.25,0.05101663991808891,0.00303670484572649,1.023,0.616,0.288,0.011,-0.5,1.0,7.0,3.0,0.0
