x,y,vx,vy,vx_comp,vy_comp,x_rms,y_rms,vx_rms,vy_rms,rcs,pdh0,dyn_prop,ambig_state,valid_state
9.199999809265137,0.5,0.25,-0.25,0.09640941768884659,0.005239642690867186,0.616,0.616,0.288,0.011,-1.0,1.0,7.0,3.0,0.0
8.800000190734863,-6.300000190734863,-5.5,-0.25,0.008285135962069035,-0.005931403953582048,0.616,0.616,0.371,0.011,3.5,1.0,6.0,3.0,0.0
41.599998474121094,-2.700000047683716,-0.5,-0.75,0.2552594244480133,-0.016567319631576538,0.794,0.794,0.288,0.011,-4.5,3.0,3.0,3.0,4.0
41.20000076293945,-24.100000381469727,-4.25,0.0,0.11399339884519577,-0.06668060272932053,0.616,0.616,0.371,0.011,20.5,1.0,2.0,1.0,0.0
40.79999923706055,-25.899999618530273,-4.5,0.0,0.18335244059562683,-0.1163928434252739,0.616,0.616,0.371,0.011,13.0,3.0,2.0,2.0,9.0
42.400001525878906,-26.899999618530273,-4.5,0.0,0.18153923749923706,-0.11517465114593506,0.616,0.794,0.371,0.011,19.5,3.0,2.0,2.0,11.0
42.599998474121094,-27.100000381469727,-4.5,0.0,0.18993955850601196,-0.12083008885383606,0.616,0.794,0.371,0.011,20.5,1.0,2.0,2.0,0.0
42.20000076293945,-28.100000381469727,-4.25,0.0,0.5043920874595642,-0.335862934589386,1.023,1.023,0.371,0.011,3.5,1.0,2.0,1.0,0.0
42.79999923706055,-28.700000762939453,-4.75,0.0,0.18026340007781982,-0.12087757140398026,0.616,0.616,0.371,0.011,17.5,1.0,2.0,2.0,0.0
