x,y,vx,vy,vx_comp,vy_comp,x_rms,y_rms,vx_rms,vy_rms,rcs,pdh0,dyn_prop,ambig_state,valid_state
8.600000381469727,0.30000001192092896,0.25,-0.25,0.22532795369625092,0.007860276848077774,0.616,0.616,0.288,0.011,2.0,1.0,7.0,3.0,0.0
8.600000381469727,-1.7000000476837158,-2.0,-0.25,-0.2036190927028656,0.04025028645992279,0.616,0.616,0.288,0.011,-0.5,1.0,6.0,3.0,0.0
2.4000000953674316,9.899999618530273,0.0,0.0,-1.7138547897338867,-7.069650173187256,0.005,0.005,0.005,0.005,18.0,6.0,4.0,0.0,7.0
12.0,-20.899999618530273,0.0,0.0,3.3194398880004883,-5.781357765197754,0.005,0.005,0.005,0.005,5.0,6.0,4.0,0.0,7.0
38.79999923706055,9.100000381469727,1.75,0.0,0.21603509783744812,0.050668030977249146,0.794,0.794,0.288,0.011,5.0,1.0,0.0,3.0,0.0
39.599998474121094,9.100000381469727,1.75,0.0,0.25044289231300354,0.05755127593874931,0.616,0.616,0.288,0.011,-3.5,3.0,0.0,3.0,11.0
41.400001525878906,-18.5,-3.5,0.0,0.09931281208992004,-0.04437891021370888,0.794,0.794,0.288,0.011,-3.5,3.0,2.0,1.0,4.0
53.0,10.100000381469727,1.5,0.0,0.2988267242908478,0.056946225464344025,0.616,0.794,0.288,0.011,-2.0,3.0,0.0,2.0,4.0
41.0,7.900000095367432,0.0,0.0,-1.1631109714508057,-0.2241116315126419,0.005,0.005,0.005,0.005,-4.5,6.0,4.0,0.0,7.0
