x,y,vx,vy,vx_comp,vy_comp,x_rms,y_rms,vx_rms,vy_rms,rcs,pdh0,dyn_prop,ambig_state,valid_state
8.600000381469727,0.30000001192092896,0.25,-0.25,0.2211213856935501,0.00771353580057621,0.616,0.616,0.288,0.011,2.5,1.0,7.0,3.0,0.0
12.199999809265137,-20.100000381469727,-12.75,0.0,0.007588530424982309,-0.012502416968345642,0.616,0.616,0.616,0.011,9.0,1.0,2.0,1.0,0.0
39.0,9.300000190734863,1.75,0.0,0.1717444807291031,0.04095445200800896,0.616,0.616,0.288,0.011,-4.5,3.0,0.0,3.0,4.0
50.20000076293945,10.100000381469727,1.5,0.0,0.20662839710712433,0.04157264530658722,0.616,0.794,0.288,0.011,-3.0,3.0,0.0,1.0,4.0
52.400001525878906,10.899999618530273,1.5,0.0,0.15634796023368835,0.03252276033163071,0.616,0.616,0.288,0.011,-2.5,3.0,0.0,1.0,11.0
52.79999923706055,10.899999618530273,1.5,0.0,0.16794328391551971,0.034670110791921616,0.616,0.616,0.288,0.011,0.0,3.0,0.0,1.0,4.0
59.400001525878906,11.699999809265137,1.5,0.0,0.23790591955184937,0.04686025530099869,0.616,0.794,0.288,0.011,1.5,1.0,0.0,1.0,0.0
8.600000381469727,0.30000001192092896,0.25,-0.25,0.2211213856935501,0.00771353580057621,0.794,0.616,0.288,0.011,-5.0,1.0,7.0,3.0,0.0
