x,y,vx,vy,vx_comp,vy_comp,x_rms,y_rms,vx_rms,vy_rms,rcs,pdh0,dyn_prop,ambig_state,valid_state
2.5999999046325684,8.699999809265137,0.0,0.0,-2.088080883026123,-6.987041473388672,0.005,0.005,0.005,0.005,7.0,6.0,4.0,0.0,7.0
11.399999618530273,-19.700000762939453,-12.75,0.0,0.19321748614311218,-0.33389341831207275,0.616,0.616,0.616,0.011,3.5,1.0,2.0,2.0,0.0
49.79999923706055,10.899999618530273,1.5,0.0,0.05799371749162674,0.012693404220044613,0.616,0.616,0.288,0.011,1.0,1.0,0.0,1.0,0.0
53.20000076293945,11.300000190734863,1.5,0.0,0.10571147501468658,0.022453753277659416,0.616,0.616,0.288,0.011,-3.5,3.0,0.0,2.0,9.0
59.599998474121094,11.899999618530273,1.5,0.0,0.20039217174053192,0.04001118987798691,0.616,0.616,0.288,0.011,-1.0,3.0,0.0,2.0,4.0
