x,y,vx,vy,vx_comp,vy_comp,x_rms,y_rms,vx_rms,vy_rms,rcs,pdh0,dyn_prop,ambig_state,valid_state
8.600000381469727,10.300000190734863,9.25,0.0,0.06347493082284927,0.07602229714393616,0.616,0.616,0.478,0.011,7.0,3.0,0.0,1.0,10.0
11.600000381469727,-18.5,-13.0,-0.25,0.020165344700217247,-0.03216024115681648,0.794,1.023,0.794,0.011,-2.0,1.0,6.0,3.0,0.0
12.600000381469727,26.899999618530273,0.0,0.0,-2.9510385990142822,-6.300232410430908,0.005,0.005,0.005,0.005,7.0,6.0,4.0,0.0,7.0
49.79999923706055,-0.30000001192092896,0.0,-0.5,0.2906458079814911,-0.0017508785240352154,0.616,0.616,0.288,0.011,0.5,1.0,3.0,3.0,0.0
53.599998474121094,12.300000190734863,1.75,0.0,0.19175395369529724,0.04400324076414108,0.616,0.616,0.288,0.011,-3.0,3.0,0.0,2.0,4.0
62.0,0.5,0.0,-0.75,0.17176063358783722,0.001385166309773922,0.794,1.023,0.288,0.011,-5.0,3.0,3.0,3.0,4.0
73.0,2.299999952316284,0.25,-0.75,0.2212318331003189,0.00697031756862998,0.616,0.794,0.288,0.011,-0.5,3.0,3.0,3.0,4.0
8.600000381469727,0.30000001192092896,0.25,-0.25,0.20978187024593353,0.007317971438169479,0.794,0.616,0.288,0.011,-2.0,1.0,7.0,3.0,0.0
42.79999923706055,7.300000190734863,0.0,0.0,-1.0580960512161255,-0.18046967685222626,0.005,0.005,0.005,0.005,0.0,6.0,4.0,0.0,7.0
