x,y,vx,vy,vx_comp,vy_comp,x_rms,y_rms,vx_rms,vy_rms,rcs,pdh0,dyn_prop,ambig_state,valid_state
9.199999809265137,10.699999809265137,9.5,0.0,0.2532958388328552,0.29459404945373535,0.616,0.616,0.478,0.011,-3.0,3.0,0.0,2.0,10.0
11.199999809265137,-17.899999618530273,-13.0,-0.25,0.0578363761305809,-0.09243492782115936,0.794,0.794,0.794,0.011,-1.5,1.0,6.0,3.0,0.0
40.0,7.900000095367432,1.5,0.0,0.18036729097366333,0.03562253713607788,0.616,0.616,0.288,0.011,0.0,3.0,0.0,1.0,4.0
41.400001525878906,2.299999952316284,0.5,-0.5,0.27479979395866394,0.015266655012965202,0.616,0.616,0.288,0.011,-3.5,3.0,3.0,3.0,4.0
43.0,7.5,1.25,0.0,0.11536812782287598,0.02012234553694725,0.616,0.794,0.288,0.011,-2.5,3.0,0.0,1.0,4.0
43.20000076293945,6.5,1.0,0.0,0.05595958232879639,0.008419844321906567,0.616,0.794,0.288,0.011,-2.0,3.0,0.0,1.0,4.0
