x,y,vx,vy,vx_comp,vy_comp,x_rms,y_rms,vx_rms,vy_rms,rcs,pdh0,dyn_prop,ambig_state,valid_state
43.0,6.699999809265137,1.25,0.0,0.2537330687046051,0.039535149931907654,0.616,0.616,0.288,0.011,-4.0,3.0,0.0,2.0,4.0
43.0,7.699999809265137,1.5,0.0,0.31586307287216187,0.05656152963638306,0.616,0.616,0.288,0.011,-4.5,3.0,0.0,2.0,4.0
