x,y,vx,vy,vx_comp,vy_comp,x_rms,y_rms,vx_rms,vy_rms,rcs,pdh0,dyn_prop,ambig_state,valid_state
25.200000762939453,5.300000190734863,0.0,0.0,-1.3875705003738403,-0.29183030128479004,0.005,0.005,0.005,0.005,-3.5,6.0,4.0,0.0,7.0
