x,y,vx,vy,vx_comp,vy_comp,x_rms,y_rms,vx_rms,vy_rms,rcs,pdh0,dyn_prop,ambig_state,valid_state
9.0,-7.699999809265137,-7.0,0.0,0.13521333038806915,-0.11568251252174377,0.616,0.616,0.371,0.011,-2.0,1.0,2.0,2.0,0.0
