x,y,vx,vy,vx_comp,vy_comp,x_rms,y_rms,vx_rms,vy_rms,rcs,pdh0,dyn_prop,ambig_state,valid_state
9.199999809265137,-6.699999809265137,-6.25,0.0,-0.016849778592586517,0.012271033599972725,0.794,0.794,0.371,0.011,1.0,1.0,6.0,3.0,0.0
4.599999904632568,15.699999809265137,0.0,0.0,-2.1932575702667236,-7.485683441162109,0.005,0.005,0.005,0.005,13.5,6.0,4.0,0.0,7.0
9.0,0.30000001192092896,0.25,0.0,0.22746515274047852,0.007582171820104122,0.794,0.616,0.288,0.011,-2.0,1.0,5.0,3.0,0.0
