x,y,vx,vy,vx_comp,vy_comp,x_rms,y_rms,vx_rms,vy_rms,rcs,pdh0,dyn_prop,ambig_state,valid_state
8.800000190734863,-0.30000001192092896,-0.25,0.0,0.2924635112285614,-0.0099703473970294,0.616,0.616,0.288,0.011,-4.5,1.0,5.0,3.0,0.0
9.199999809265137,-6.099999904632568,-6.0,0.0,-0.18292127549648285,0.12128476053476334,0.616,0.616,0.371,0.011,2.0,1.0,6.0,3.0,0.0
11.199999809265137,-5.099999904632568,-4.25,0.0,-0.18917609751224518,0.08614268153905869,0.616,0.616,0.288,0.011,2.5,1.0,6.0,3.0,0.0
9.0,15.699999809265137,0.0,0.0,-3.4983794689178467,-6.102728366851807,0.005,0.005,0.005,0.005,-0.5,6.0,4.0,0.0,7.0
9.800000190734863,-1.2999999523162842,0.75,0.0,2.070294141769409,-0.2746308445930481,1.023,0.616,0.288,0.011,-2.0,3.0,0.0,3.0,0.0
