Tx,Ty,Tz,q1,q2,q3,q4
3.412,0.0,0.5,0.9999984769132877,0.0,0.0,0.0017453283658983088
