Tx,Ty,Tz,q1,q2,q3,q4
-0.562,-0.618,0.53,0.0339401344459428,0.0,0.0,-0.9994238676726663
