Tx,Ty,Tz,q1,q2,q3,q4
2.422,0.8,0.78,0.7028982997921758,0.0,0.0,0.7112903627557937
