Tx,Ty,Tz,q1,q2,q3,q4
-0.562,-0.618,0.53,0.04361938736533623,0.0,0.0,-0.9990482215818578
