Tx,Ty,Tz,q1,q2,q3,q4
-0.562,0.628,0.53,0.0458860416542946,0.0,0.0,0.9989466808500344
