Tx,Ty,Tz,q1,q2,q3,q4
2.422,-0.8,0.77,0.7087093341000862,0.0,0.0,-0.7055005880645404
