range,azimuth,vr,rcs,vr_comp,x_cc,y_cc,x_seq,y_seq,label_id
7.066819,-1.1173993,-10.123922,-18.054136,0.020129014,10.260238,3.4060588,307.89136,-2025.0122,11.0
8.809524,-1.1577983,-10.337204,-12.439545,-0.042961515,12.007965,3.6959884,307.81476,-2023.2423,11.0
2.0820372,0.074775115,-0.097365595,1.7677736,0.0065298853,3.688028,2.9548867,307.545,-2031.5908,11.0
4.0559564,0.17726074,-0.8798699,-24.720287,-1.8891965,3.2965808,4.912371,305.55457,-2031.7428,11.0
4.0710883,0.16133232,0.4636817,-22.22298,-0.37302735,3.3598385,4.932785,305.54196,-2031.6775,11.0
4.416594,0.04875959,-0.2099695,-17.806517,0.17680204,3.8309524,5.2863994,305.24786,-2031.1671,11.0
7.6735973,0.010984477,-0.81587523,-22.900719,-0.018878618,4.2441926,8.524556,302.08337,-2030.3656,11.0
8.202798,0.07698789,-0.088231914,-18.298664,-0.008402734,3.7434556,9.075403,301.47604,-2030.7961,11.0
58.439827,-1.0023601,-12.467551,9.049324,-2.8409278,55.454506,27.944262,288.99445,-1977.1838,11.0
