range,azimuth,vr,rcs,vr_comp,x_cc,y_cc,x_seq,y_seq,label_id
2.055645,0.075690344,-0.12563603,-0.36169243,-0.008322119,3.6858296,2.9285183,307.86835,-2029.162,11.0
4.027491,0.16884823,0.48405185,-23.230461,-0.42990988,3.3329074,4.886941,305.88153,-2029.2739,11.0
4.0982533,0.18782417,-0.7223997,-23.282955,-1.8457475,3.2496665,4.9503565,305.80847,-2029.3489,11.0
4.1232624,0.06691993,-0.23442656,-15.003004,-0.019935673,3.7449503,4.995448,305.82397,-2028.8517,11.0
8.16197,0.081112154,-0.02283284,-19.59608,0.034401894,3.709394,9.034839,301.8103,-2028.3954,11.0
9.49687,0.8488403,-0.15388212,-25.552452,-7.80864,-2.8936539,7.7432866,302.28864,-2035.1066,11.0
34.89599,0.70987725,6.4434967,-2.5923681,-0.027597757,-16.7002,29.21149,279.2997,-2046.1978,11.0
35.700123,0.69676125,6.3248477,-6.486047,-0.027706426,-16.787409,30.135252,278.3722,-2046.1719,11.0
