range,azimuth,vr,rcs,vr_comp,x_cc,y_cc,x_seq,y_seq,label_id
2.9504552,-0.7091591,-7.9818063,-11.294464,-0.032594595,5.771196,2.9371455,308.21136,-2026.2277,11.0
2.0530238,0.07421865,-0.1537278,3.8834362,-0.027062984,3.6888216,2.9258614,307.96875,-2028.2959,11.0
4.026769,0.17088975,-0.8963482,-22.586403,-1.8452718,3.3247743,4.8855395,305.9793,-2028.4183,11.0
4.1832647,0.050750453,-0.3147765,-15.423109,0.07320621,3.813757,5.0535474,305.87216,-2027.9125,11.0
2.998173,0.87519294,7.9143796,-7.1129932,0.005438241,1.5366243,2.9866621,307.64612,-2030.4246,11.0
9.664912,0.84520835,-0.15395728,-23.61582,-7.824218,-2.984232,7.889041,302.22928,-2034.3142,11.0
35.8767,0.71424156,6.5199766,-6.2868958,-0.029889701,-17.39944,29.916267,278.60938,-2045.9374,11.0
