range,azimuth,vr,rcs,vr_comp,x_cc,y_cc,x_seq,y_seq,label_id
2.0283852,0.07391125,-0.14308429,-0.0004169345,-0.015073258,3.6891353,2.9012167,308.29138,-2025.8044,11.0
2.0789964,-0.16795726,-2.9156835,-27.164196,-0.07921243,4.1869216,2.8848977,308.36862,-2025.3125,11.0
3.9647813,0.20982593,0.3451107,-26.134598,-1.0623623,3.1764443,4.807813,306.33633,-2026.0796,11.0
3.9663608,0.1475772,0.26547304,-23.591963,-0.44026926,3.4220698,4.8320365,306.3424,-2025.8328,11.0
4.177904,0.11462001,-0.30355152,-21.212433,-0.6364871,3.5467706,5.049287,306.14206,-2025.6824,11.0
4.1824107,0.08679303,-0.28221723,-19.642448,-0.30008027,3.663014,5.055411,306.15024,-2025.5663,11.0
8.07891,0.07578887,-0.08009782,-22.380333,0.026651664,3.7519267,8.951421,302.29453,-2025.0005,11.0
5.6284356,0.8500477,-0.11421931,-26.965857,-7.9553304,-0.22779389,4.940064,305.78775,-2029.4419,11.0
59.698887,0.16592257,6.261418,-14.027234,5.3484616,-1.0558186,60.385098,250.65941,-2023.4666,11.0
