range,azimuth,vr,rcs,vr_comp,x_cc,y_cc,x_seq,y_seq,label_id
2.7309916,-0.6071564,-7.3187823,-25.109161,-0.027818006,5.40969,2.9723785,308.538,-2023.2228,11.0
3.5073526,-0.8617782,-9.195964,-19.316872,0.073479615,6.513024,2.9172323,308.72833,-2022.1346,11.0
6.31495,-1.121267,-10.665126,-22.589705,0.004996522,9.5670395,3.1137383,308.9087,-2019.0796,11.0
2.0246558,0.075242154,-0.117243335,-1.5156345,-0.0012927944,3.6863928,2.8975205,308.40045,-2024.9423,11.0
3.9786887,0.18465471,-0.871549,-25.273754,-2.0030985,3.2742732,4.8326535,306.42932,-2025.1133,11.0
4.05396,0.110384375,-0.27213195,-17.821995,-0.5574325,3.567384,4.9258323,306.3729,-2024.811,11.0
7.6860504,-0.027074447,-1.28853,-20.462883,-0.006948521,4.5363264,8.509274,302.93573,-2023.4089,11.0
8.057975,0.070607334,-0.20193791,-22.531548,-0.0330674,3.793445,8.929919,302.42694,-2024.0945,11.0
