range,azimuth,vr,rcs,vr_comp,x_cc,y_cc,x_seq,y_seq,label_id
2.8879526,-0.6728325,-7.89822,-12.499476,0.005502425,5.6517954,2.9670303,308.6731,-2022.1206,11.0
6.66588,-0.8921131,-0.11302147,-25.247221,9.420576,9.194943,4.5920806,307.49734,-2018.4042,11.0
2.0033333,0.07491848,-0.117663674,0.07761955,-0.009119444,3.6867948,2.876192,308.52094,-2024.0818,11.0
3.906325,0.15229304,-0.24098203,-21.554556,-1.0221637,3.4073315,4.7709494,306.60617,-2024.1255,11.0
3.933707,0.18281448,0.5310139,-21.33585,-0.6001415,3.285873,4.7885876,306.57367,-2024.2439,11.0
4.199976,0.16637836,-0.8112138,-26.264301,-1.7540148,3.3291101,5.0596833,306.31,-2024.1676,11.0
4.429695,0.03074707,-0.24162331,-22.858288,0.374896,3.9111512,5.2957387,306.14752,-2023.5608,11.0
5.931076,1.0340551,-0.18902066,-17.074665,-9.546795,-1.1519537,4.3362184,306.47537,-2028.7036,11.0
9.524903,0.85436493,-0.115148716,-22.193216,-8.1255045,-2.9509754,7.7271314,302.8885,-2030.0708,11.0
