range,azimuth,vr,rcs,vr_comp,x_cc,y_cc,x_seq,y_seq,label_id
6.30922,-1.1250658,-10.728773,-19.432705,0.13560742,9.570145,3.0892806,309.15723,-2017.3428,11.0
1.9899223,0.077065215,-0.10015319,-0.6875305,-0.031822503,3.682364,2.862828,308.65186,-2023.2131,11.0
3.916279,0.18394592,-1.1042911,-26.982712,-2.2759998,3.2831333,4.7708125,306.7091,-2023.3727,11.0
3.9401476,0.1733444,0.54393107,-20.841915,-0.50514406,3.3224134,4.7984,306.68658,-2023.3303,11.0
4.085931,0.048671678,-0.16279848,-24.27381,0.23540889,3.818737,4.9559617,306.5918,-2022.8184,11.0
7.671035,-0.0253831,-1.3014913,-26.709007,-0.04509441,4.521729,8.495818,303.1664,-2021.6818,11.0
8.088153,0.085166454,-0.03243448,-25.194263,-0.058245845,3.676183,8.961143,302.59985,-2022.4631,11.0
9.695637,0.8565013,-0.09389935,-24.451021,-8.213129,-3.0844202,7.8355923,302.8784,-2029.3112,11.0
9.81015,1.0481646,-7.420698,-15.962313,-16.974976,-4.3810835,6.488316,304.0545,-2030.7649,11.0
