range,azimuth,vr,rcs,vr_comp,x_cc,y_cc,x_seq,y_seq,label_id
1.2599914,0.076150626,-0.14355329,-20.606812,-0.0985457,3.6764133,2.13292,309.59644,-2021.5562,11.0
2.0104547,0.082992285,0.00104304,0.53762937,-0.035054535,3.6706479,2.88344,308.85126,-2021.4667,11.0
2.0515025,0.3129221,2.7035866,-28.94806,-0.033327088,3.2030458,2.872276,308.80304,-2021.932,11.0
3.8860083,0.16733158,0.6589208,-24.280201,-0.37567002,3.3503776,4.7464128,306.9627,-2021.5481,11.0
3.9225147,0.1794253,-0.7348452,-24.669353,-1.9121764,3.300181,4.778699,306.92432,-2021.5939,11.0
3.972694,0.1945909,-1.083621,-26.699184,-2.4397037,3.235594,4.8226357,306.87256,-2021.6523,11.0
4.010419,0.16144414,-0.12331181,-24.305676,-1.088358,3.363909,4.8722506,306.8396,-2021.5188,11.0
8.171277,0.07311509,-0.021436933,-24.846447,0.0595553,3.77479,9.043512,302.75412,-2020.5823,11.0
9.627141,0.84493315,-0.003735285,-21.68083,-8.213384,-2.9563308,7.863444,303.0711,-2027.4087,11.0
