range,azimuth,vr,rcs,vr_comp,x_cc,y_cc,x_seq,y_seq,label_id
3.1830623,-0.7907258,-9.072554,-20.927065,0.07622617,6.111277,2.9071643,309.25668,-2018.143,11.0
1.9713645,0.077554636,-0.06319218,4.183506,-0.029393012,3.6812186,2.8442802,309.00687,-2020.5609,11.0
3.8402343,0.15920374,0.5736246,-25.108868,-0.36800373,3.3851817,4.7031717,307.12534,-2020.6156,11.0
3.9346747,0.19240312,-0.77905905,-23.621975,-2.1158788,3.2482438,4.7857537,307.02585,-2020.7408,11.0
4.0808697,0.13174306,-0.0364172,-19.21276,-0.65036196,3.47964,4.949748,306.89294,-2020.4904,11.0
7.6031027,-0.0010585985,-1.0370204,-20.971138,-0.06419873,4.3301115,8.446779,303.53415,-2019.1976,11.0
8.068577,0.07727091,-0.084288746,-23.892715,-0.047096696,3.7398555,8.941211,302.968,-2019.7195,11.0
