range,azimuth,vr,rcs,vr_comp,x_cc,y_cc,x_seq,y_seq,label_id
5.3671756,-1.0092169,8.550251,-7.265291,19.364178,8.4365225,3.32658,309.3897,-2013.9681,11.0
1.9708252,0.08556928,0.024235282,1.8161137,-0.019624617,3.6654184,2.8438237,309.2398,-2018.7614,11.0
3.4128122,0.398662,-0.029140208,-28.287174,-3.8251352,2.6158304,4.1211877,307.8353,-2019.6335,11.0
3.9815602,0.20082405,0.73667794,-25.371704,-0.70863265,3.209975,4.8287034,307.21222,-2018.9513,11.0
4.006147,0.15422668,0.059797376,-18.333569,-0.8201724,3.393069,4.870043,307.19534,-2018.7644,11.0
4.140495,0.14645213,0.07880043,-19.827467,-0.7066258,3.416142,5.0061293,307.0635,-2018.7236,11.0
8.11392,0.089956746,0.15717356,-23.902596,0.059835054,3.637357,8.986879,303.14658,-2017.98,11.0
21.98975,-0.114711314,-2.4096959,-14.630966,-0.027730608,8.064177,22.417809,290.41577,-2011.8225,11.0
22.009802,-0.1245697,-2.495253,-14.216925,0.0044431766,8.280563,22.392979,290.4689,-2011.6113,11.0
