range,azimuth,vr,rcs,vr_comp,x_cc,y_cc,x_seq,y_seq,label_id
2.778209,-0.66114676,-8.445792,-18.644875,0.045025807,5.55255,2.9096754,309.79138,-2014.143,11.0
1.9674493,0.08904645,0.027171891,0.1578772,-0.025911968,3.6585732,2.8404443,309.6075,-2016.0293,11.0
3.8588858,0.2030235,-0.757981,-25.524937,-2.2335854,3.215502,4.7058506,307.69968,-2016.2197,11.0
3.9883347,0.121204674,0.08986188,-15.752556,-0.3654521,3.5257952,4.858974,307.5893,-2015.8917,11.0
4.6199713,0.1428102,0.08413165,-25.653433,-0.64118195,3.404353,5.4857254,306.95193,-2015.9286,11.0
2.9384093,0.95938313,9.514067,-9.588522,-0.08527336,1.4121948,2.7619483,309.38583,-2018.2661,11.0
7.6324162,0.00031323943,-1.1697578,-25.637371,-0.113960825,4.3222528,8.4768915,304.10986,-2014.6201,11.0
8.097049,0.0807715,-0.03845489,-25.757477,0.011988502,3.7117832,8.969902,303.53986,-2015.1594,11.0
