range,azimuth,vr,rcs,vr_comp,x_cc,y_cc,x_seq,y_seq,label_id
11.6778755,-0.98147213,-11.665734,-19.800943,-0.013377367,13.897115,6.49756,308.2845,-1998.5963,11.0
1.9904606,0.09083789,0.032009304,3.135671,-0.017883124,3.6549556,2.8634443,310.495,-2009.2369,11.0
2.3319054,-0.38717607,-6.0653076,-26.167027,0.005850524,4.7273383,2.9478412,310.55692,-2008.1631,11.0
3.9248238,0.24821231,-0.100306064,-25.758883,-2.233091,3.0322185,4.7468038,308.54456,-2009.5983,11.0
4.1426277,0.14529496,0.0834423,-13.13616,-0.6899704,3.4208002,5.0085416,308.33798,-2009.1779,11.0
8.135018,0.09239968,0.024834165,-23.797153,-0.04582067,3.617417,9.007891,304.4023,-2008.4403,11.0
