range,azimuth,vr,rcs,vr_comp,x_cc,y_cc,x_seq,y_seq,label_id
6.6409245,-1.0895946,-12.784257,-14.188519,0.12631606,9.794069,3.4248366,311.56213,-1997.006,11.0
1.2599914,0.09853876,0.12194942,-18.287987,-0.01848628,3.648205,2.1329045,312.01904,-2003.2695,11.0
2.022046,0.09207436,0.027498553,-0.45324016,-0.022603437,3.6523278,2.8950179,311.26437,-2003.1633,11.0
3.874199,0.19274436,1.0445527,-26.24271,-0.40971276,3.2533038,4.7254753,309.39694,-2003.3136,11.0
3.9584138,0.20075607,-0.7985636,-24.592503,-2.364132,3.212876,4.805738,309.31198,-2003.3429,11.0
3.9713552,0.19137181,0.7596673,-20.255234,-0.6755205,3.2484503,4.8226595,309.3,-2003.3054,11.0
3.9717197,0.19798455,-0.46976456,-24.808598,-1.9968405,3.222301,4.8201942,309.29892,-2003.3315,11.0
4.1873074,0.12718982,-0.00058586645,-18.421131,-0.5412698,3.4939063,5.056892,309.10077,-2003.0308,11.0
9.523219,0.85722035,0.07123654,-23.964426,-9.644087,-2.969347,7.7070093,305.60864,-2009.0807,11.0
