range,azimuth,vr,rcs,vr_comp,x_cc,y_cc,x_seq,y_seq,label_id
2.0223792,0.16093856,1.3228416,-19.624323,0.3128997,3.5131936,2.8898232,311.7835,-1999.1078,11.0
2.0487146,-0.0018540858,-1.3978343,-18.333864,-0.067645036,3.8443816,2.9136696,311.80322,-1998.7764,11.0
2.0541677,0.09724602,0.08087781,1.1468334,-0.013250184,3.641535,2.9270556,311.7634,-1998.9757,11.0
2.0542047,0.15822992,0.97555256,-18.780123,0.0045003225,3.5163856,2.9219658,311.75208,-1999.1005,11.0
4.5219135,0.14733928,0.09392268,-22.446554,-0.7206975,3.3893974,5.3866286,309.292,-1998.9038,11.0
8.154606,0.09806046,0.09964603,-23.10009,-0.0062028216,3.5711477,9.027088,305.70663,-1998.2471,11.0
