range,azimuth,vr,rcs,vr_comp,x_cc,y_cc,x_seq,y_seq,label_id
3.493528,-0.81431466,-11.430361,-25.455013,0.07971611,6.4019856,3.04157,312.26895,-1994.0697,11.0
5.284825,-0.78446287,-0.7115142,-25.48809,10.525281,7.7066326,4.2757063,311.21146,-1992.6183,11.0
6.305966,-1.0614473,-13.270449,-19.24523,0.087677725,9.414326,3.4590135,312.23947,-1991.0288,11.0
7.3482976,-1.1292964,-13.570895,-18.839783,0.15619828,10.553863,3.4251547,312.41855,-1989.9028,11.0
2.0741367,0.103977114,0.17388296,2.2038286,0.024037136,3.6273665,2.9468305,312.0087,-1996.8337,11.0
4.103445,0.15107872,0.28471866,-14.078535,-0.55241406,3.3994024,4.96797,309.975,-1996.8019,11.0
4.1345086,0.14330468,0.2899357,-12.169348,-0.4338487,3.42949,5.0009093,309.94617,-1996.7678,11.0
8.191383,0.10301703,0.213607,-26.129082,0.07777886,3.530136,9.063306,305.92987,-1996.1494,11.0
12.142693,1.0008876,-14.093085,-15.78406,-25.595469,-5.954111,8.286242,305.48978,-2005.6552,11.0
