range,azimuth,vr,rcs,vr_comp,x_cc,y_cc,x_seq,y_seq,label_id
9.677052,-1.0347452,-8.954512,-17.746628,4.42737,12.379807,5.0756884,311.23163,-1985.7207,11.0
1.6799886,0.09898203,0.069366194,-5.202859,-0.0042751813,3.6425288,2.5528638,312.66058,-1994.7019,11.0
2.0589244,0.098697685,0.07084293,-0.9625397,0.0014111773,3.6384966,2.9317787,312.28406,-1994.6593,11.0
2.0623326,0.16783522,1.1051682,-20.776857,0.013151889,3.4960537,2.9285643,312.2697,-1994.801,11.0
2.0860753,0.20023812,1.6361012,-23.880299,0.06632552,3.4268591,2.9456668,312.24423,-1994.8676,11.0
4.079084,0.19088852,0.75094587,-20.705818,-0.6811233,3.2391658,4.930005,310.2519,-1994.8098,11.0
4.2836776,0.11890312,0.1234438,-16.955917,-0.24509045,3.5254886,5.15447,310.06433,-1994.498,11.0
8.169118,0.08081418,-0.17107137,-19.368042,0.024255091,3.7118688,9.041972,306.22928,-1993.835,11.0
5.5017366,1.1900381,10.4537525,1.3269005,-2.7137556,-1.2482524,3.3526585,311.2653,-1999.4572,11.0
