range,azimuth,vr,rcs,vr_comp,x_cc,y_cc,x_seq,y_seq,label_id
1.679998,0.37108123,4.113184,-26.851648,-0.0052423477,3.1918092,2.485567,313.05038,-1991.8202,11.0
2.0924122,0.09649593,0.029188551,0.42014217,0.008521012,3.6427047,2.9653137,312.62646,-1991.3164,11.0
2.0999901,0.20963392,1.8317647,-22.616741,0.104738615,3.4056907,2.9571667,312.60693,-1991.5527,11.0
2.2310336,-0.10904514,-3.043769,-26.53983,0.021023707,4.0971413,3.0613856,312.58398,-1990.8539,11.0
4.062593,0.17898634,0.81705403,-24.759789,-0.44901314,3.2889998,4.918341,310.6455,-1991.4401,11.0
4.1534743,0.18120512,-0.3676874,-25.885475,-1.6671715,3.271458,5.007978,310.55444,-1991.4471,11.0
4.276553,0.09360396,0.09143064,-16.996078,0.11447661,3.633887,5.149454,310.45618,-1991.0707,11.0
8.061082,0.096520066,0.01887025,-18.732948,-0.0021621473,3.5846176,8.933701,306.69196,-1990.6786,11.0
