range,azimuth,vr,rcs,vr_comp,x_cc,y_cc,x_seq,y_seq,label_id
10.093165,-1.1636642,-14.705871,-14.307676,-0.07740632,13.242723,4.051189,312.98837,-1977.1646,11.0
1.6799885,0.09777505,0.0012558101,-6.238431,0.020040119,3.6445563,2.5528872,313.4964,-1986.8657,11.0
2.1212368,0.09739368,-0.0066124983,-0.18371868,0.018026475,3.640521,2.9941177,313.05707,-1986.8246,11.0
2.127731,0.16028799,1.0569841,-16.631563,0.11668997,3.5067704,2.9949877,313.0425,-1986.9575,11.0
2.1326597,0.2612987,2.5741217,-19.770958,0.09349712,3.2927318,2.9732711,313.0422,-1987.1726,11.0
2.1530483,0.00054302695,-1.509107,-18.9022,-0.000105982566,3.8484774,3.0180442,313.05457,-1986.6152,11.0
2.1740572,-0.05393056,-2.2738004,-22.39607,0.064752184,3.9679396,3.0255651,313.0593,-1986.4956,11.0
4.08894,0.19254278,-0.027786195,-21.959686,-1.4617352,3.2314146,4.9390993,311.08044,-1987.0325,11.0
4.137327,0.20415168,1.1971285,-25.910717,-0.41415474,3.1785765,4.9818697,311.03247,-1987.0806,11.0
