range,azimuth,vr,rcs,vr_comp,x_cc,y_cc,x_seq,y_seq,label_id
3.05436,-0.61017495,-9.966223,-27.37388,0.11250218,5.6235886,3.2150521,313.5193,-1979.1022,11.0
10.470874,-1.1886243,-15.035605,-9.766159,-0.13122588,13.68041,3.9210637,313.5092,-1971.0144,11.0
2.140577,0.096423976,0.014499791,0.7625866,0.0023616678,3.6423917,3.0134778,313.54965,-1981.0934,11.0
3.3599782,0.1326815,0.007842532,-28.716923,-0.5675281,3.508881,4.2294416,312.3267,-1981.1217,11.0
4.415294,0.12114605,0.02179319,-19.84188,-0.37442982,3.511366,5.2856894,311.2746,-1981.0283,11.0
8.209594,0.090689175,-0.06375458,-26.446987,0.01321347,3.6310418,9.082532,307.50214,-1980.5824,11.0
10.5262165,1.0065472,-14.865612,-18.643656,-27.14142,-4.710086,7.252081,308.60803,-1989.05,11.0
