range,azimuth,vr,rcs,vr_comp,x_cc,y_cc,x_seq,y_seq,label_id
2.7780428,-0.58582366,-9.738631,-25.574007,0.07474534,5.393825,3.0459628,313.75464,-1978.1796,11.0
2.8255568,-0.6117664,-9.9900465,-24.62847,0.13343665,5.480166,3.0367188,313.77103,-1978.0942,11.0
6.310473,-1.1056806,-14.578032,-22.962055,-0.059224695,9.527239,3.2038314,313.9408,-1974.0472,11.0
9.309994,-1.1705558,-14.921919,-8.457838,-0.069887444,12.519385,3.7436137,313.65152,-1971.0206,11.0
13.546687,-1.1690527,-14.865432,-6.493845,-0.020418774,16.543364,5.069308,312.6648,-1966.9004,11.0
2.1349854,0.09465179,0.0049044657,0.5921643,0.030955043,3.646229,3.0079195,313.64734,-1979.9242,11.0
2.7504876,-0.5058819,-8.743192,-27.507498,0.0740056,5.19938,3.1543853,313.63043,-1978.3643,11.0
4.292298,0.14000517,0.015495726,-16.023977,-0.66417927,3.4347196,5.159223,311.4859,-1979.9563,11.0
8.185959,0.08948288,-0.14754085,-19.901798,-0.041035246,3.6410084,9.058929,307.61682,-1979.4266,11.0
