range,azimuth,vr,rcs,vr_comp,x_cc,y_cc,x_seq,y_seq,label_id
6.2852745,-1.0478386,-14.147424,-19.332565,0.040851906,9.359847,3.5282984,313.6792,-1973.0686,11.0
2.108198,0.09087079,-0.06430568,0.95956254,0.020515537,3.6544104,2.9811804,313.76703,-1978.7996,11.0
2.1312792,-0.06156159,-2.488703,-26.126822,-0.038376942,3.9780335,2.9808674,313.7933,-1978.4769,11.0
3.7799761,0.13269308,-0.16644551,-26.97397,-0.73331416,3.4895723,4.6489954,312.09137,-1978.8301,11.0
4.1506047,0.17929503,0.823195,-23.416286,-0.46862304,3.2796218,5.0058613,311.7188,-1979.0107,11.0
4.151429,0.2584285,-0.14303742,-24.41427,-2.6586099,2.9539742,4.9634337,311.735,-1979.3387,11.0
7.979946,0.07905692,-0.07637301,-25.633583,0.19255865,3.7247596,8.852707,307.92004,-1978.2585,11.0
8.255195,0.09002368,-0.069730036,-22.216454,0.028293481,3.6363578,9.128152,307.6384,-1978.3246,11.0
5.5159535,0.6213979,10.616491,-26.4982,2.803765,0.8526314,5.619322,310.9127,-1981.3807,11.0
