range,azimuth,vr,rcs,vr_comp,x_cc,y_cc,x_seq,y_seq,label_id
3.3600152,-0.7184072,-0.08424687,-20.988869,11.274257,6.085476,3.2013712,313.81754,-1975.1796,11.0
7.013356,-1.1048617,-14.489625,-15.673347,0.07046034,10.178295,3.4687839,313.86627,-1971.0784,11.0
10.886654,-1.1803504,-15.126297,-8.078918,-0.1819177,14.051607,4.128162,313.5073,-1967.1658,11.0
2.089291,0.09432795,-0.0038492063,2.3496459,0.023022763,3.6472645,2.9622319,313.8681,-1977.629,11.0
3.9889472,0.15022112,-0.038805746,-25.744032,-0.8843608,3.4101715,4.8539267,311.96375,-1977.7196,11.0
4.6199694,0.118925124,-0.046066556,-22.438484,-0.40327868,3.5145917,5.490585,311.33704,-1977.5664,11.0
8.155335,0.09245219,-0.02730367,-19.893486,0.028860467,3.616875,9.028205,307.8178,-1977.1919,11.0
12.203766,0.8723327,-0.0022144176,-20.481108,-10.9434595,-4.967558,9.501173,306.6848,-1985.7144,11.0
