range,azimuth,vr,rcs,vr_comp,x_cc,y_cc,x_seq,y_seq,label_id
3.18833,-0.747391,-11.646088,-21.692688,0.038223375,6.024758,3.0148559,314.0777,-1974.0836,11.0
6.009873,-1.0325962,-14.055175,-20.79219,0.085298434,9.070898,3.4946814,313.8253,-1971.0103,11.0
9.814766,-1.1673347,-15.070329,-8.611303,-0.1580618,12.989767,3.9293115,313.68274,-1967.07,11.0
2.0677707,0.31920564,3.529045,-25.457888,0.061516054,3.1867454,2.8851771,313.99637,-1976.9235,11.0
2.155515,0.09088539,-0.053301785,1.3780377,0.022727422,3.654186,3.028497,313.88812,-1976.4467,11.0
4.2064667,0.10457301,-0.15060288,-18.407719,-0.28874528,3.588227,5.078802,311.8386,-1976.3602,11.0
5.039967,0.12932926,-0.15287215,-23.863457,-0.67828506,3.4487002,5.908409,311.00092,-1976.4379,11.0
8.185624,0.07836495,-0.24645685,-26.753334,0.025469566,3.7320156,9.058333,307.8807,-1975.9215,11.0
9.605206,0.8497277,-0.11736244,-24.134382,-10.82866,-2.9746122,7.8157716,308.62204,-1982.7019,11.0
