range,azimuth,vr,rcs,vr_comp,x_cc,y_cc,x_seq,y_seq,label_id
9.909856,-1.0795193,-14.521964,-18.163748,-0.018432291,12.773199,4.7729383,312.92395,-1964.9622,11.0
1.6799886,0.089372665,-0.06489215,-6.375429,0.008385587,3.6586719,2.552983,314.508,-1974.2085,11.0
2.0684733,0.09272578,-0.054766096,-2.6603162,-0.03422693,3.6507351,2.941437,314.11993,-1974.1896,11.0
2.1061897,0.15330443,0.9920783,-17.87342,0.060364787,3.5230246,2.9745333,314.07806,-1974.3146,11.0
2.1178486,0.06940864,-0.37642696,-10.197593,0.010811954,3.6998227,2.9905283,314.07434,-1974.1372,11.0
2.2316926,-0.19725828,-4.4349966,-26.519993,0.081980675,4.288432,3.015262,314.0904,-1973.5482,11.0
4.1482167,0.17507955,0.116229214,-24.552425,-1.1571205,3.2972577,5.0050616,312.03677,-1974.3994,11.0
4.2725015,0.123997346,0.022005223,-25.208714,-0.4492333,3.5040953,5.142545,311.91394,-1974.1835,11.0
7.7869205,-0.074590184,-2.587112,-25.45219,0.052471034,4.914256,8.558733,308.60352,-1972.5404,11.0
