range,azimuth,vr,rcs,vr_comp,x_cc,y_cc,x_seq,y_seq,label_id
10.25591,-1.1846639,-15.160166,-9.444073,-0.060789667,13.462855,3.897323,313.8937,-1963.1306,11.0
10.625365,-1.1112239,-14.7279625,-14.866266,-0.0034876792,13.558614,4.7427816,313.05658,-1962.9784,11.0
2.0919878,0.09238961,-0.037546076,1.1301882,-0.025386518,3.651299,2.964955,314.16577,-1972.9827,11.0
2.1578043,-0.04180592,-2.1725163,-25.846508,-0.050362203,3.9397342,3.0129852,314.1372,-1972.6917,11.0
4.2467504,0.076494455,-0.059680603,-21.050049,0.20315559,3.7067487,5.119525,312.01978,-1972.7828,11.0
8.227518,0.08551789,-0.0799138,-21.329498,0.040621288,3.6735187,9.100512,308.04553,-1972.5488,11.0
