range,azimuth,vr,rcs,vr_comp,x_cc,y_cc,x_seq,y_seq,label_id
5.4398317,-0.9647738,-13.82109,-22.96083,-0.040820703,8.38588,3.5722907,313.94492,-1967.0386,11.0
6.2438316,-1.105497,-14.799292,-16.882278,-0.066170536,9.464887,3.180282,314.40637,-1965.9873,11.0
7.0001454,-1.097008,-14.735744,-18.385902,-0.052008767,10.145474,3.5148864,314.11682,-1965.2864,11.0
1.6799886,0.08487074,-0.10783814,-11.08526,0.019155558,3.666235,2.5529854,314.65457,-1971.8146,11.0
1.6799904,0.16593057,1.1051646,-27.512154,-0.048960343,3.530194,2.5477328,314.65097,-1971.9507,11.0
2.141534,0.086185224,-0.104683116,-2.5849197,0.0015196301,3.6643088,3.0145338,314.19388,-1971.7864,11.0
3.3495646,0.1188021,-0.22668612,-28.180786,-0.63634735,3.555813,4.220849,312.98306,-1971.816,11.0
4.106919,0.1918698,0.5683925,-26.989494,-0.9944927,3.2322655,4.9572687,312.22714,-1972.091,11.0
4.63139,0.13724396,-0.29602268,-26.362696,-0.9972,3.4294565,5.498498,311.6999,-1971.859,11.0
