range,azimuth,vr,rcs,vr_comp,x_cc,y_cc,x_seq,y_seq,label_id
7.1400275,-0.82824636,0.010889363,-25.949656,12.735553,9.322104,5.22668,312.5622,-1961.3052,11.0
10.176823,-1.1054394,0.026414907,-17.869041,14.912047,13.119279,4.634184,313.37357,-1957.5487,11.0
1.6799885,0.094816536,0.04119249,-2.9875925,0.0063462164,3.6495264,2.5529344,314.903,-1967.123,11.0
2.0285702,0.0947521,0.045918506,0.93915486,0.012102069,3.6468613,2.901506,314.55487,-1967.1056,11.0
2.0970387,0.34137204,3.9333918,-23.529224,-0.0012900919,3.1348927,2.9024518,314.52426,-1967.6166,11.0
2.154862,-0.078620195,-2.732866,-24.826712,-0.009028744,4.0178266,2.9984477,314.47955,-1966.7296,11.0
4.156475,0.12418601,0.082998194,-17.870201,-0.42117757,3.507627,5.02657,312.4253,-1967.1215,11.0
8.145218,0.07011899,-0.23499572,-24.010616,0.12486904,3.7988346,9.017085,308.45834,-1966.5997,11.0
5.231829,1.0626316,10.424979,-5.5896416,-2.7591476,-0.6698453,3.8053174,313.40262,-1971.3627,11.0
