range,azimuth,vr,rcs,vr_comp,x_cc,y_cc,x_seq,y_seq,label_id
1.6799895,0.1488401,0.9231753,-25.096155,0.03226461,3.558834,2.549757,314.95697,-1966.0349,11.0
2.0898232,0.16433392,1.383885,-19.139423,0.24517424,3.5011225,2.9565442,314.54758,-1966.0698,11.0
2.110567,0.09848952,0.10863696,-1.3187952,0.024175318,3.6383214,2.9834228,314.5284,-1965.9313,11.0
4.2957697,0.15738262,0.3242666,-18.363525,-0.703299,3.3600295,5.1580725,312.3416,-1966.0876,11.0
8.179014,0.08639975,-0.065057255,-20.82238,0.0442282,3.6662438,9.052013,308.47086,-1965.5643,11.0
6.2122097,0.864147,0.03548696,-24.549244,-11.131307,-0.69420356,5.3009033,311.97247,-1970.1276,11.0
