range,azimuth,vr,rcs,vr_comp,x_cc,y_cc,x_seq,y_seq,label_id
1.6799886,0.09313045,0.021898016,-6.394541,0.0518464,3.6523588,2.552955,315.01422,-1964.7365,11.0
2.068567,0.16107585,1.0761548,-23.880276,0.015390503,3.509489,2.935863,314.62424,-1964.8586,11.0
2.0996473,0.21859491,2.0441282,-24.611147,0.06364809,3.38707,2.9544373,314.59915,-1964.9799,11.0
2.1033728,0.09277877,0.013489601,-0.57727027,0.049087387,3.6504169,2.976335,314.59134,-1964.7157,11.0
4.2709894,0.11442657,0.046663325,-17.45007,-0.26547274,3.5450068,5.1423593,312.42276,-1964.7054,11.0
8.187068,0.07346291,-0.2140515,-21.31887,0.13181247,3.7721586,9.0593405,308.5235,-1964.2695,11.0
10.021369,0.8583837,0.021509262,-21.544647,-11.084826,-3.3246393,8.056365,309.14627,-1971.4097,11.0
