range,azimuth,vr,rcs,vr_comp,x_cc,y_cc,x_seq,y_seq,label_id
2.4654624,-0.5120905,-9.131363,-22.874043,0.08435993,5.052839,2.9093823,314.7724,-1962.1312,11.0
1.6799885,0.09074705,-0.06165802,-4.961973,0.031936873,3.656363,2.5529754,315.05795,-1963.544,11.0
2.089715,0.0903269,-0.07358524,-0.52675605,0.026781654,3.6556222,2.962702,314.64868,-1963.524,11.0
2.099758,0.25089136,2.517981,-24.52981,0.040188983,3.3199844,2.944551,314.6499,-1963.8601,11.0
2.1424174,0.0518888,-0.73945093,-21.737473,-0.019766517,3.7377713,3.0141122,314.6015,-1963.4393,11.0
2.6021812,-0.48743978,-8.866848,-23.021122,0.020130897,5.076488,3.0578108,314.62534,-1962.1001,11.0
4.1466727,0.254073,0.057613395,-26.671152,-2.470839,2.9725888,4.961793,312.6177,-1964.1053,11.0
4.407879,0.118186906,-0.13695638,-19.568218,-0.4856172,3.524657,5.2787075,312.32904,-1963.5381,11.0
8.205778,0.085592456,-0.14559369,-21.535015,0.031081399,3.672879,9.078773,308.54126,-1963.1984,11.0
