range,azimuth,vr,rcs,vr_comp,x_cc,y_cc,x_seq,y_seq,label_id
1.667193,0.088999726,-0.14122543,-12.299807,-0.023415366,3.6593266,2.540189,315.11203,-1962.3413,11.0
2.0760796,0.07303121,-0.36452565,-3.5290263,0.01144905,3.6915767,2.9488828,314.7053,-1962.2898,11.0
3.2922938,0.023923993,-1.021153,-27.767088,0.14785723,3.869858,4.1587887,313.5052,-1962.0546,11.0
3.9886556,0.12154152,-0.5649984,-26.448051,-0.9733173,3.5244415,4.859248,312.78918,-1962.3665,11.0
4.0867586,0.17914383,0.58873886,-22.793514,-0.749472,3.2861342,4.942345,312.69492,-1962.6006,11.0
4.169647,0.13832211,-0.26278394,-19.359837,-0.9422744,3.4482508,5.037113,312.6079,-1962.4341,11.0
8.173552,0.052140478,-0.7150324,-26.745253,-0.0014700621,3.946205,9.041644,308.6314,-1961.7474,11.0
12.888454,0.036678016,-0.92167413,-1.5178216,0.041564412,4.3086777,13.745271,303.95016,-1961.1628,11.0
5.7054768,1.2094866,11.554465,-1.6133194,-2.951168,-1.4791708,3.3449514,314.0652,-1967.436,11.0
