range,azimuth,vr,rcs,vr_comp,x_cc,y_cc,x_seq,y_seq,label_id
9.211,-0.92454875,-1.1866046,-20.395441,12.637164,11.469751,5.761473,312.28546,-1953.1976,11.0
2.0814629,0.07130497,-0.35429624,-1.0727293,0.026869722,3.6952434,2.9542131,314.74487,-1961.089,11.0
2.0902534,0.10638222,0.20560892,-0.5292265,0.017524797,3.6220632,2.9628525,314.73297,-1961.1617,11.0
3.206553,0.027012449,-1.0594863,-27.139204,0.03972204,3.8545861,4.0738244,313.63342,-1960.8801,11.0
4.18176,0.16340378,0.25917175,-15.9878845,-0.8534795,3.3429594,5.0424953,312.643,-1961.3483,11.0
4.26715,0.087529026,-0.113720916,-20.540073,0.0041693794,3.6598737,5.1401486,312.5595,-1961.0273,11.0
8.168813,0.07222676,-0.34489533,-21.478535,0.02131427,3.782012,9.040946,308.66797,-1960.7322,11.0
8.180269,0.09067636,-0.020775227,-23.204803,0.046035893,3.6312606,9.053207,308.64905,-1960.8822,11.0
8.183065,0.10647015,0.26715654,-23.375816,0.07764539,3.5020185,9.0544815,308.64203,-1961.0114,11.0
