range,azimuth,vr,rcs,vr_comp,x_cc,y_cc,x_seq,y_seq,label_id
2.0623293,0.092072025,-0.028809745,2.0154622,-0.014358356,3.6521199,2.9353006,314.79703,-1959.9128,11.0
3.1230469,0.021852128,-1.086322,-26.41389,0.0707822,3.8656814,3.989463,313.7528,-1959.6549,11.0
3.9961195,0.15402922,-0.05021407,-16.975555,-1.0442034,3.3945317,4.860091,312.8631,-1960.089,11.0
4.0459847,0.24098423,0.34700054,-24.178518,-2.0549958,3.0416272,4.8709855,312.8373,-1960.4412,11.0
4.4030113,0.14535037,-0.07716831,-17.837435,-0.93003833,3.4053333,5.2684655,312.45554,-1960.0609,11.0
8.175834,0.09731452,0.112515874,-20.011005,0.04158623,3.5770068,9.048382,308.68622,-1959.73,11.0
9.723226,0.86282796,0.007250136,-21.993164,-11.328741,-3.1476593,7.8124547,309.63745,-1966.5009,11.0
