range,azimuth,vr,rcs,vr_comp,x_cc,y_cc,x_seq,y_seq,label_id
1.3390726,0.09575995,0.019940617,-14.948232,-0.033211056,3.6509972,2.2120187,315.55963,-1958.714,11.0
2.0765061,0.10699794,0.28449935,0.836685,0.047693208,3.6210542,2.9490824,314.82196,-1958.7142,11.0
2.081061,0.05779795,-0.6007671,-8.235419,-0.033618983,3.723339,2.953186,314.822,-1958.6118,11.0
4.1156507,0.24930009,0.06679966,-23.324976,-2.4851754,2.997131,4.934428,312.81302,-1959.2574,11.0
4.2567987,0.15677375,0.37360942,-17.384155,-0.67596924,3.3653634,5.1193805,312.6431,-1958.882,11.0
4.347727,0.10041123,0.6532762,-22.639927,0.5241098,3.6038082,5.220324,312.55185,-1958.6396,11.0
12.238452,-0.014365967,-1.6546739,-25.479229,0.088641316,4.8989596,13.0488825,304.782,-1957.0294,11.0
5.4534206,1.1451283,11.329468,-6.370596,-2.868109,-1.0898676,3.5469573,314.0343,-1963.3971,11.0
