x,y,vx,vy,vx_comp,vy_comp,x_rms,y_rms,vx_rms,vy_rms,rcs,pdh0,dyn_prop,ambig_state,valid_state
14.0,14.699999809265137,-8.5,0.0,0.1088162362575531,0.11425704509019852,0.616,0.616,0.478,0.011,-5.0,3.0,6.0,3.0,4.0
17.799999237060547,-12.5,5.75,0.0,-0.02106201834976673,0.014790743589401245,0.616,0.616,0.371,0.011,-1.5,1.0,0.0,1.0,0.0
16.200000762939453,14.300000190734863,-7.75,0.0,-0.22846390306949615,-0.20166873931884766,0.616,0.616,0.371,0.011,-3.0,1.0,6.0,3.0,0.0
18.200000762939453,-18.700000762939453,8.75,0.0,0.13396072387695312,-0.13764095306396484,0.794,0.794,0.478,0.011,-4.5,3.0,0.0,3.0,4.0
21.399999618530273,-17.700000762939453,6.75,0.0,-0.03881562501192093,0.03210451453924179,0.616,0.616,0.371,0.011,-4.0,3.0,0.0,1.0,4.0
39.400001525878906,15.100000381469727,-3.25,0.0,-0.037086568772792816,-0.0142133804038167,0.616,0.794,0.288,0.011,-5.0,3.0,2.0,1.0,4.0
