x,y,vx,vy,vx_comp,vy_comp,x_rms,y_rms,vx_rms,vy_rms,rcs,pdh0,dyn_prop,ambig_state,valid_state
15.0,9.899999618530273,-5.75,0.0,-0.1531648337841034,-0.10108879208564758,0.616,0.616,0.371,0.011,0.5,1.0,6.0,3.0,0.0
16.200000762939453,13.899999618530273,-7.5,0.0,-0.18456093966960907,-0.15835784375667572,0.616,0.616,0.371,0.011,-2.0,1.0,6.0,3.0,0.0
18.0,-21.100000381469727,9.75,0.0,0.007839817553758621,-0.009190008044242859,0.794,0.794,0.478,0.011,-1.5,3.0,0.0,1.0,10.0
28.799999237060547,16.100000381469727,-4.75,0.0,-0.04642399027943611,-0.025952301919460297,0.616,0.616,0.288,0.011,-4.5,3.0,2.0,1.0,4.0
42.599998474121094,14.699999809265137,-3.0,0.0,-0.08318571746349335,-0.028704933822155,0.616,0.616,0.288,0.011,-0.5,3.0,2.0,1.0,4.0
