x,y,vx,vy,vx_comp,vy_comp,x_rms,y_rms,vx_rms,vy_rms,rcs,pdh0,dyn_prop,ambig_state,valid_state
11.800000190734863,-0.30000001192092896,0.25,0.0,0.07822750508785248,-0.001988834934309125,0.616,0.616,0.288,0.011,3.5,1.0,5.0,3.0,0.0
11.600000381469727,-2.299999952316284,1.5,0.0,-0.11032598465681076,0.02187497727572918,0.616,0.616,0.288,0.011,-5.0,1.0,6.0,3.0,0.0
12.399999618530273,1.899999976158142,-1.75,0.0,-0.4205115735530853,-0.06443322449922562,0.616,0.616,0.288,0.011,-5.0,1.0,6.0,3.0,0.0
11.399999618530273,-9.899999618530273,7.5,0.0,0.1659332811832428,-0.14409995079040527,0.616,0.616,0.371,0.011,-1.5,1.0,0.0,1.0,0.0
9.600000381469727,14.100000381469727,-3.75,0.0,2.7085161209106445,3.978133201599121,0.616,0.616,0.478,0.011,5.0,1.0,2.0,2.0,16.0
10.600000381469727,-14.899999618530273,12.0,0.0,0.10292298346757889,-0.14467474818229675,0.616,0.616,0.616,0.011,7.0,1.0,0.0,1.0,0.0
10.199999809265137,17.899999618530273,0.0,0.0,3.6008083820343018,6.319065570831299,0.005,0.005,0.005,0.005,13.5,6.0,4.0,0.0,7.0
13.199999809265137,-17.5,11.0,0.0,-0.00968193169683218,0.012835895642638206,0.616,0.616,0.478,0.011,10.0,1.0,0.0,1.0,0.0
12.0,18.100000381469727,-13.25,0.0,-0.18874913454055786,-0.2846966087818146,0.794,0.794,0.794,0.011,2.5,1.0,2.0,3.0,0.0
25.0,-2.5,0.75,0.25,-0.06858667731285095,0.006858667358756065,0.616,0.616,0.288,0.011,-2.5,1.0,3.0,3.0,0.0
25.600000381469727,2.299999952316284,-0.75,0.25,0.062469035387039185,0.0056124525144696236,0.616,0.616,0.288,0.011,10.0,1.0,1.0,3.0,0.0
27.799999237060547,4.5,-0.5,0.25,0.9084445834159851,0.1470503807067871,0.794,1.023,0.288,0.011,4.5,1.0,3.0,3.0,16.0
14.0,30.5,0.0,0.0,3.172002077102661,6.9104323387146,0.005,0.005,0.005,0.005,6.0,6.0,4.0,0.0,7.0
42.20000076293945,2.0999999046325684,-0.5,0.25,-0.031556129455566406,-0.001570328720845282,0.616,0.616,0.288,0.011,-4.0,3.0,3.0,3.0,4.0
11.800000190734863,-0.699999988079071,0.5,0.0,0.04514163359999657,-0.0026778934989124537,1.023,0.616,0.288,0.011,-3.5,1.0,5.0,3.0,0.0
12.399999618530273,1.899999976158142,-1.25,0.0,0.06801850348711014,0.01042219065129757,1.023,0.616,0.288,0.011,-3.5,1.0,6.0,3.0,0.0
42.400001525878906,1.7000000476837158,-0.5,0.25,-0.11457996070384979,-0.004594007506966591,1.023,0.794,0.288,0.011,8.5,1.0,3.0,3.0,0.0
130.39999389648438,2.5,-0.25,0.75,-0.03505413606762886,-0.0006720501696690917,0.794,0.616,0.288,0.011,16.0,1.0,3.0,3.0,0.0
148.0,1.2999999523162842,-0.25,0.75,-0.12956534326076508,-0.0011380738578736782,1.317,3.63,0.288,0.011,-3.0,3.0,3.0,3.0,4.0
