x,y,vx,vy,vx_comp,vy_comp,x_rms,y_rms,vx_rms,vy_rms,rcs,pdh0,dyn_prop,ambig_state,valid_state
3.799999952316284,7.300000190734863,0.0,0.0,3.4084792137145996,6.547867774963379,0.005,0.005,0.005,0.005,-3.5,6.0,4.0,0.0,7.0
4.0,8.5,0.0,0.0,3.2054603099823,6.811604022979736,0.005,0.005,0.005,0.005,3.5,6.0,4.0,0.0,7.0
17.399999618530273,-13.5,6.5,0.0,0.06359259784221649,-0.049339089542627335,0.616,0.794,0.371,0.011,2.5,1.0,0.0,3.0,0.0
17.200000762939453,-14.5,7.0,0.0,0.025960754603147507,-0.021885519847273827,0.794,0.794,0.371,0.011,-4.5,3.0,0.0,3.0,4.0
17.200000762939453,-15.300000190734863,7.5,0.0,0.08839879184961319,-0.07863380014896393,0.616,0.616,0.371,0.011,-3.0,1.0,0.0,1.0,0.0
