x,y,vx,vy,vx_comp,vy_comp,x_rms,y_rms,vx_rms,vy_rms,rcs,pdh0,dyn_prop,ambig_state,valid_state
4.800000190734863,-9.899999618530273,0.0,0.0,-3.3097951412200928,6.826451301574707,0.005,0.005,0.005,0.005,-3.5,6.0,4.0,0.0,7.0
5.599999904632568,16.5,0.0,0.0,2.5715179443359375,7.576794624328613,0.005,0.005,0.005,0.005,5.0,6.0,4.0,0.0,7.0
23.0,-2.299999952316284,0.75,-0.25,-0.04647011309862137,0.004647011402994394,0.616,0.616,0.288,0.011,-4.5,3.0,5.0,3.0,4.0
17.399999618530273,20.100000381469727,-0.5,-0.25,3.8491013050079346,4.446376323699951,0.794,0.794,0.478,0.011,0.5,3.0,3.0,3.0,10.0
24.0,-18.299999237060547,6.5,0.0,0.05390358716249466,-0.04110148176550865,0.616,0.616,0.371,0.011,-4.5,3.0,0.0,1.0,4.0
23.799999237060547,-21.899999618530273,7.75,0.0,0.0022796776611357927,-0.00209768651984632,0.616,0.616,0.371,0.011,-1.0,1.0,0.0,1.0,0.0
