x,y,vx,vy,vx_comp,vy_comp,x_rms,y_rms,vx_rms,vy_rms,rcs,pdh0,dyn_prop,ambig_state,valid_state
4.599999904632568,-10.699999809265137,0.0,0.0,-3.061250925064087,7.120736598968506,0.005,0.005,0.005,0.005,-4.0,6.0,4.0,0.0,7.0
17.0,2.299999952316284,-1.25,-0.25,-0.11809862405061722,-0.015978047624230385,0.616,0.616,0.288,0.011,5.5,1.0,2.0,3.0,0.0
23.399999618530273,-5.099999904632568,1.75,-0.25,-0.014661985449492931,0.0031955610029399395,0.616,0.616,0.288,0.011,0.5,1.0,6.0,3.0,0.0
24.600000381469727,-17.299999237060547,6.0,0.0,0.054459258913993835,-0.0382985845208168,0.616,0.616,0.371,0.011,-0.5,1.0,0.0,1.0,0.0
68.4000015258789,0.699999988079071,0.0,-0.75,0.09964731335639954,0.0010197822703048587,0.794,1.023,0.288,0.011,-2.5,3.0,3.0,3.0,4.0
17.0,2.0999999046325684,-1.0,-0.25,0.0328180156648159,0.004053989890962839,1.023,0.616,0.288,0.011,-4.0,1.0,2.0,3.0,0.0
66.80000305175781,-14.5,0.0,0.0,-1.7308363914489746,0.3757054805755615,0.005,0.005,0.005,0.005,-0.5,6.0,4.0,0.0,7.0
