x,y,vx,vy,vx_comp,vy_comp,x_rms,y_rms,vx_rms,vy_rms,rcs,pdh0,dyn_prop,ambig_state,valid_state
5.0,-4.5,7.0,0.0,-0.32487574219703674,0.2923881411552429,0.616,0.616,0.371,0.011,-0.5,1.0,6.0,3.0,0.0
5.400000095367432,-9.899999618530273,0.0,0.0,-3.5495412349700928,6.507492542266846,0.005,0.005,0.005,0.005,-1.0,6.0,4.0,0.0,7.0
4.599999904632568,-12.699999809265137,0.0,0.0,-2.704913377761841,7.467912197113037,0.005,0.005,0.005,0.005,1.5,6.0,4.0,0.0,7.0
16.799999237060547,-2.0999999046325684,1.0,-0.25,-0.0036080358549952507,0.00045100448187440634,0.794,1.023,0.288,0.011,-2.5,1.0,0.0,3.0,0.0
17.799999237060547,-1.899999976158142,0.75,-0.25,-0.1026727557182312,0.010959452949464321,0.616,0.616,0.288,0.011,-5.0,3.0,1.0,3.0,11.0
23.200000762939453,-15.100000381469727,5.5,0.0,0.013059813529253006,-0.008500137366354465,0.794,0.794,0.371,0.011,-1.0,1.0,0.0,3.0,0.0
23.799999237060547,-14.300000190734863,5.0,0.0,-0.04294108599424362,0.025800738483667374,0.794,0.794,0.371,0.011,0.5,1.0,0.0,3.0,0.0
