range,azimuth,vr,rcs,vr_comp,x_cc,y_cc,x_seq,y_seq,label_id
3.1500137,-0.8185313,8.857291,-28.785255,0.07146263,1.5578474,-3.216271,316.0505,-2013.4744,11.0
1.989059,-0.08440833,0.035396,-2.6533418,0.06691445,3.6673808,-2.862054,315.98587,-2011.3363,11.0
3.6853828,0.874875,-10.676769,-28.612108,0.107756905,6.6851716,-2.9821527,316.5144,-2008.3627,11.0
6.090003,1.0916344,-12.17483,-21.122597,-0.024655426,9.289774,-3.2027109,317.08643,-2005.8121,11.0
6.264862,1.0707763,-11.899774,-19.680475,0.14289401,9.400088,-3.3898058,317.28674,-2005.7281,11.0
