range,azimuth,vr,rcs,vr_comp,x_cc,y_cc,x_seq,y_seq,label_id
4.114741,-1.0423657,12.830194,-26.086393,0.02106999,0.30228713,-3.247174,319.44186,-1985.6757,11.0
1.8695097,-0.0770679,-0.028275877,-7.87233,-0.015058295,3.6808403,-2.7424245,319.23523,-1982.2659,11.0
1.9548833,-0.10569005,0.43680108,-20.68842,0.0039152764,3.6257045,-2.8275275,319.31516,-1982.3282,11.0
3.768496,0.94426376,-13.150283,-26.47214,0.15003453,6.8954234,-2.8102665,319.5846,-1979.0696,11.0
5.0631995,1.0753076,-14.421153,-25.171858,-0.17263709,8.308827,-2.886027,319.78397,-1977.6682,11.0
5.3386836,0.9812752,-13.792322,-23.44176,-0.20030898,8.340667,-3.4461257,320.3447,-1977.6857,11.0
7.182178,1.1550555,-14.484011,-17.769672,0.2228186,10.459667,-3.1944222,320.2797,-1975.5527,11.0
8.005011,1.1687247,-14.698559,-17.326654,0.077514395,11.272991,-3.3565912,320.51254,-1974.7567,11.0
