range,azimuth,vr,rcs,vr_comp,x_cc,y_cc,x_seq,y_seq,label_id
1.827647,-0.09490006,0.34741548,-26.60258,0.094681,3.6478503,-2.7005842,319.69662,-1975.3307,11.0
1.8883547,-0.07779665,-0.026035113,-10.532679,-0.009238037,3.679644,-2.7612813,319.75943,-1975.3032,11.0
1.9519831,-0.12078575,0.6534093,-23.948978,-0.007089998,3.5963042,-2.8238432,319.81592,-1975.3909,11.0
2.0267692,0.10277587,-2.8834968,-27.370476,-0.036667895,4.044553,-2.8635302,319.88727,-1974.9465,11.0
2.0797505,-0.5342767,-4.3248134,-24.530823,-11.256416,2.7627537,-2.7478116,319.68103,-1976.2169,11.0
4.4750066,1.0217208,-14.088678,-25.155012,-0.03946223,7.667932,-2.8695478,320.14996,-1971.3326,11.0
5.139132,1.0600578,-14.268408,-24.121077,0.04415515,8.346795,-2.9878864,320.3161,-1970.664,11.0
8.108044,1.1747773,-14.903795,-12.982405,0.06978703,11.386024,-3.3418589,320.8845,-1967.6573,11.0
