range,azimuth,vr,rcs,vr_comp,x_cc,y_cc,x_seq,y_seq,label_id
1.8555876,-0.118840836,0.5733905,-22.90665,-0.03846287,3.6032047,-2.727624,320.18762,-1967.1825,11.0
1.9119369,-0.080942206,0.03571891,-8.60031,0.031345088,3.673838,-2.7849061,320.24884,-1967.1152,11.0
3.6104398,0.8726595,-12.99662,-28.48472,0.07583268,6.61913,-2.945817,320.5784,-1964.184,11.0
5.9677606,1.037417,-14.4208765,-23.671822,-0.0029715323,9.045013,-3.4513912,321.22223,-1961.7911,11.0
6.873505,1.1724458,-15.363924,-20.152319,-0.13319194,10.205212,-2.9812071,320.81937,-1960.6058,11.0
7.837176,1.1874433,-15.15311,-15.292433,0.15101638,11.157645,-3.1646404,321.0571,-1959.6655,11.0
