range,azimuth,vr,rcs,vr_comp,x_cc,y_cc,x_seq,y_seq,label_id
7.136512,-1.0468357,-15.1213255,-17.17923,-28.519625,-2.1840901,-4.9646177,322.34186,-1968.2516,11.0
1.9121355,-0.07493642,-0.044158854,-14.946288,-0.001486047,3.6853225,-2.785005,320.43774,-1962.2871,11.0
1.9726533,-0.09280095,0.19368288,-23.626467,-0.05394607,3.650789,-2.8456154,320.49667,-1962.3245,11.0
2.0421457,-0.25644743,2.9282775,-27.45804,0.03674655,3.317834,-2.8857641,320.52127,-1962.6589,11.0
2.0470343,-0.1343476,0.9818651,-24.131771,0.059559993,3.5653183,-2.9177022,320.5647,-1962.4132,11.0
2.0623822,0.041097637,-1.882116,-24.991152,0.041670702,3.9256682,-2.918587,320.58234,-1962.0532,11.0
2.4262102,0.47423366,-8.539641,-27.972218,-0.02073493,4.9535046,-2.9275298,320.6391,-1961.027,11.0
4.5823727,1.0158681,-14.388526,-25.930006,0.04548815,7.751984,-2.9414165,320.7832,-1958.2322,11.0
6.1540523,1.1577634,-15.388787,-20.246174,-0.043965604,9.492092,-2.846335,320.7692,-1956.4895,11.0
