range,azimuth,vr,rcs,vr_comp,x_cc,y_cc,x_seq,y_seq,label_id
1.9198632,-0.07976894,0.019362297,-9.936814,0.03850767,3.6761353,-2.7928183,320.527,-1959.8591,11.0
2.0005405,-0.1738676,1.6665397,-26.535782,0.14960621,3.4886606,-2.8659296,320.59222,-1960.0494,11.0
2.0417688,-0.32479188,3.9508607,-27.67571,0.0039186147,3.1812744,-2.857127,320.57062,-1960.3562,11.0
2.0545282,0.166504,-3.9522552,-28.382484,0.05164907,4.1774964,-2.862065,320.61716,-1959.3611,11.0
3.771203,0.8847763,-13.458154,-26.26479,-0.013161526,6.776766,-3.0005422,320.86404,-1956.7699,11.0
4.8278117,1.031048,-14.729843,-23.689955,-0.07311392,8.003579,-2.9865603,320.9013,-1955.5436,11.0
5.175221,0.95236343,-14.027075,-23.73905,0.015223427,8.123443,-3.4973783,321.4167,-1955.4451,11.0
6.815584,1.0974449,-15.027675,-12.882442,0.07711306,9.975208,-3.4436462,321.44034,-1953.5927,11.0
