range,azimuth,vr,rcs,vr_comp,x_cc,y_cc,x_seq,y_seq,label_id
8.2813,-0.99902594,-15.63012,-23.666605,-28.65002,-2.8873734,-5.9398074,323.45352,-1965.353,11.0
9.287237,-1.0028546,-15.694046,-21.971655,-28.752,-3.7047548,-6.5271096,324.00754,-1966.1934,11.0
1.8941703,-0.082613036,0.047775712,-8.819595,0.028930683,3.6705725,-2.7671552,320.54675,-1958.673,11.0
2.0545552,0.0459022,-1.9111074,-25.621412,0.17145593,3.9344592,-2.9095428,320.69962,-1958.415,11.0
2.0752273,0.055315748,-2.142749,-25.164139,0.09280781,3.956542,-2.9273615,320.71832,-1958.3937,11.0
2.082467,-0.12164326,0.62312895,-25.988934,-0.03545226,3.590061,-2.9541893,320.7304,-1958.761,11.0
5.756918,1.0262369,-14.662408,-21.053873,0.0060640727,8.826733,-3.4181857,321.40427,-1953.5471,11.0
5.8402658,1.011261,-14.448968,-20.51599,0.10817818,8.862238,-3.5331929,321.52063,-1953.5162,11.0
7.467301,1.1386222,-15.2666,-21.286196,0.1307274,10.68887,-3.4023745,321.46326,-1951.6858,11.0
