range,azimuth,vr,rcs,vr_comp,x_cc,y_cc,x_seq,y_seq,label_id
1.9090967,-0.08257582,0.035302304,-11.950934,0.018149925,3.6707032,-2.7820811,320.6287,-1956.2295,11.0
1.9572797,-0.06621553,-0.21797474,-21.23646,0.03489237,3.7029164,-2.8298726,320.67764,-1956.199,11.0
1.9648783,-0.10080569,0.40343347,-25.48313,0.08541353,3.6351097,-2.8376803,320.68292,-1956.2671,11.0
2.0748618,0.06605004,-2.4043367,-26.781025,0.022772888,3.9785213,-2.923731,320.7816,-1955.9271,11.0
2.3962061,0.3748643,-7.2315407,-28.152807,0.042623624,4.729957,-3.018555,320.90405,-1955.1797,11.0
5.362567,0.9870616,-14.391997,-23.283785,0.07522646,8.376471,-3.4304056,321.4501,-1951.5508,11.0
6.07118,1.1178765,-15.36708,-17.175386,0.012874204,9.331392,-3.0475252,321.1027,-1950.5824,11.0
6.0893364,1.0608302,-14.968508,-17.045149,0.044916935,9.214744,-3.3746321,321.42526,-1950.711,11.0
7.2706046,1.1486858,-15.366294,-20.587326,0.19087367,10.528239,-3.2667816,321.36594,-1949.3944,11.0
