x,y,vx,vy,vx_comp,vy_comp,x_rms,y_rms,vx_rms,vy_rms,rcs,pdh0,dyn_prop,ambig_state,valid_state
10.800000190734863,-25.299999237060547,0.0,0.0,4.4809465408325195,-10.497031211853027,0.005,0.005,0.005,0.005,7.5,6.0,4.0,0.0,7.0
