x,y,vx,vy,vx_comp,vy_comp,x_rms,y_rms,vx_rms,vy_rms,rcs,pdh0,dyn_prop,ambig_state,valid_state
6.0,13.300000190734863,0.0,0.0,-4.543354511260986,-10.071104049682617,0.005,0.005,0.005,0.005,-3.5,6.0,4.0,0.0,7.0
7.0,-14.699999809265137,0.0,0.0,4.8307695388793945,-10.14461612701416,0.005,0.005,0.005,0.005,-4.5,6.0,4.0,0.0,7.0
10.399999618530273,-22.899999618530273,0.0,0.0,4.682582855224609,-10.310687065124512,0.005,0.005,0.005,0.005,6.5,6.0,4.0,0.0,7.0
