x,y,vx,vy,vx_comp,vy_comp,x_rms,y_rms,vx_rms,vy_rms,rcs,pdh0,dyn_prop,ambig_state,valid_state
8.0,2.9000000953674316,1.5,0.0,0.24862532317638397,0.09012668579816818,0.616,0.616,0.288,0.011,0.5,1.0,5.0,3.0,0.0
6.800000190734863,-8.100000381469727,-2.0,0.0,2.824366331100464,-3.364319086074829,0.794,0.794,0.478,0.011,-4.5,3.0,0.0,1.0,10.0
5.0,-12.899999618530273,0.0,0.0,2.326944351196289,-6.003515720367432,0.005,0.005,0.005,0.005,4.5,6.0,4.0,0.0,7.0
8.600000381469727,0.8999999761581421,0.25,-5.5,0.12237150222063065,0.012806318700313568,1.023,0.616,0.288,0.011,-4.5,1.0,7.0,3.0,0.0
