x,y,vx,vy,vx_comp,vy_comp,x_rms,y_rms,vx_rms,vy_rms,rcs,pdh0,dyn_prop,ambig_state,valid_state
9.199999809265137,-15.5,-19.75,0.0,0.4096142053604126,-0.6901109218597412,0.616,0.616,0.616,0.011,9.5,1.0,2.0,2.0,0.0
8.199999809265137,-18.299999237060547,0.0,0.0,4.7029266357421875,-10.49555492401123,0.005,0.005,0.005,0.005,4.0,6.0,4.0,0.0,7.0
23.600000381469727,3.0999999046325684,1.75,0.0,0.4717632830142975,0.06196890398859978,0.616,0.616,0.288,0.011,-1.0,1.0,0.0,1.0,0.0
23.399999618530273,6.099999904632568,3.25,0.0,0.34747764468193054,0.09058178216218948,0.616,0.616,0.288,0.011,-4.5,3.0,0.0,2.0,4.0
23.799999237060547,5.5,2.75,0.0,0.22707460820674896,0.0524752251803875,0.794,0.794,0.288,0.011,2.5,1.0,0.0,3.0,0.0
20.399999618530273,-21.100000381469727,-13.0,0.0,0.11141155660152435,-0.11523451656103134,0.616,0.616,0.478,0.011,0.5,1.0,2.0,1.0,0.0
