x,y,vx,vy,vx_comp,vy_comp,x_rms,y_rms,vx_rms,vy_rms,rcs,pdh0,dyn_prop,ambig_state,valid_state
7.400000095367432,5.5,3.75,0.0,0.01157851330935955,0.008605651557445526,0.794,0.616,0.371,0.011,-5.0,1.0,6.0,3.0,0.0
4.800000190734863,-13.300000190734863,0.0,0.0,2.210463285446167,-6.1248250007629395,0.005,0.005,0.005,0.005,11.5,6.0,4.0,0.0,7.0
