x,y,vx,vy,vx_comp,vy_comp,x_rms,y_rms,vx_rms,vy_rms,rcs,pdh0,dyn_prop,ambig_state,valid_state
3.799999952316284,3.5,4.75,0.0,-0.12384943664073944,-0.11407185345888138,0.616,0.616,0.371,0.011,-3.5,1.0,6.0,3.0,0.0
8.0,3.9000000953674316,2.25,0.0,0.10548603534698486,0.05142444372177124,0.616,0.616,0.288,0.011,-2.5,1.0,6.0,3.0,0.0
8.199999809265137,3.0999999046325684,1.75,0.0,0.3083629310131073,0.11657623201608658,0.794,0.616,0.288,0.011,-4.0,1.0,5.0,3.0,0.0
7.400000095367432,6.099999904632568,4.5,0.0,0.09470032155513763,0.07806377857923508,0.794,0.794,0.371,0.011,-2.5,1.0,6.0,3.0,0.0
6.800000190734863,10.699999809265137,9.5,0.0,0.06263305991888046,0.09855496138334274,0.794,1.023,0.616,0.011,-3.0,1.0,0.0,1.0,16.0
4.800000190734863,-13.300000190734863,0.0,0.0,2.232286214828491,-6.185293197631836,0.005,0.005,0.005,0.005,1.0,6.0,4.0,0.0,7.0
