x,y,vx,vy,vx_comp,vy_comp,x_rms,y_rms,vx_rms,vy_rms,rcs,pdh0,dyn_prop,ambig_state,valid_state
9.600000381469727,10.100000381469727,13.5,0.0,0.2074875384569168,0.2182941883802414,0.616,0.616,0.478,0.011,1.5,1.0,0.0,1.0,0.0
53.20000076293945,15.100000381469727,2.25,0.0,-0.9392962455749512,-0.2666047513484955,0.616,0.794,0.288,0.011,-4.0,3.0,0.0,1.0,4.0
