x,y,vx,vy,vx_comp,vy_comp,x_rms,y_rms,vx_rms,vy_rms,rcs,pdh0,dyn_prop,ambig_state,valid_state
2.4000000953674316,2.700000047683716,15.0,0.0,0.438336044549942,0.49312806129455566,0.616,0.616,0.478,0.011,-3.0,3.0,0.0,1.0,10.0
10.600000381469727,10.699999809265137,14.0,0.0,0.7276040315628052,0.7344681620597839,0.616,0.616,0.478,0.011,-3.0,1.0,0.0,2.0,0.0
43.599998474121094,20.899999618530273,6.0,0.0,0.19402185082435608,0.09300588816404343,0.794,0.794,0.288,0.011,-2.5,3.0,0.0,1.0,4.0
