x,y,vx,vy,vx_comp,vy_comp,x_rms,y_rms,vx_rms,vy_rms,rcs,pdh0,dyn_prop,ambig_state,valid_state
9.600000381469727,12.100000381469727,16.25,0.0,0.19785045087337494,0.24937397241592407,0.616,0.616,0.478,0.011,9.0,1.0,0.0,1.0,0.0
