x,y,vx,vy,vx_comp,vy_comp,x_rms,y_rms,vx_rms,vy_rms,rcs,pdh0,dyn_prop,ambig_state,valid_state
7.599999904632568,5.099999904632568,8.5,0.0,0.19768480956554413,0.13265690207481384,0.616,0.616,0.371,0.011,-2.0,1.0,0.0,1.0,0.0
9.600000381469727,12.699999809265137,17.25,0.0,0.25431111454963684,0.33643239736557007,0.616,0.616,0.616,0.011,0.5,1.0,0.0,1.0,0.0
