x,y,vx,vy,vx_comp,vy_comp,x_rms,y_rms,vx_rms,vy_rms,rcs,pdh0,dyn_prop,ambig_state,valid_state
7.599999904632568,6.099999904632568,10.25,0.0,0.19306325912475586,0.15495866537094116,0.616,0.616,0.371,0.011,-2.0,1.0,0.0,1.0,0.0
8.399999618530273,13.5,20.5,0.0,0.06839507073163986,0.10992064327001572,0.616,0.794,0.794,0.011,-1.0,1.0,0.0,1.0,0.0
9.399999618530273,13.899999618530273,19.0,0.0,0.12325115501880646,0.182254359126091,0.616,0.616,0.616,0.011,10.0,1.0,0.0,1.0,0.0
