x,y,vx,vy,vx_comp,vy_comp,x_rms,y_rms,vx_rms,vy_rms,rcs,pdh0,dyn_prop,ambig_state,valid_state
4.199999809265137,5.5,17.25,0.0,0.2749394476413727,0.36003977060317993,0.616,0.616,0.616,0.011,-0.5,1.0,0.0,1.0,0.0
7.599999904632568,6.900000095367432,11.75,0.0,0.227731853723526,0.2067565619945526,0.616,0.616,0.371,0.011,7.5,1.0,0.0,1.0,0.0
