x,y,vx,vy,vx_comp,vy_comp,x_rms,y_rms,vx_rms,vy_rms,rcs,pdh0,dyn_prop,ambig_state,valid_state
7.400000095367432,0.10000000149011612,0.0,0.0,0.18609975278377533,0.002514861524105072,0.794,0.616,0.288,0.011,-4.0,1.0,1.0,3.0,0.0
3.799999952316284,8.699999809265137,-42.0,0.0,-11.407682418823242,-26.117591857910156,0.616,0.616,1.317,0.011,-1.5,1.0,2.0,2.0,0.0
7.599999904632568,7.900000095367432,13.5,0.0,0.21050892770290375,0.21881848573684692,0.616,0.616,0.478,0.011,9.5,1.0,0.0,1.0,0.0
