x,y,vx,vy,vx_comp,vy_comp,x_rms,y_rms,vx_rms,vy_rms,rcs,pdh0,dyn_prop,ambig_state,valid_state
7.400000095367432,-0.10000000149011612,-0.25,0.0,0.28801673650741577,-0.0038921181112527847,0.616,0.616,0.288,0.011,-5.0,1.0,1.0,3.0,0.0
7.800000190734863,8.699999809265137,14.75,0.0,0.2946838140487671,0.3286857604980469,0.616,0.616,0.478,0.011,0.0,1.0,0.0,1.0,0.0
