x,y,vx,vy,vx_comp,vy_comp,x_rms,y_rms,vx_rms,vy_rms,rcs,pdh0,dyn_prop,ambig_state,valid_state
3.799999952316284,3.9000000953674316,5.5,0.0,-0.11605019122362137,-0.11910413950681686,0.616,0.616,0.371,0.011,-2.0,1.0,6.0,3.0,0.0
7.800000190734863,4.300000190734863,2.75,0.0,0.13336163759231567,0.07351987808942795,0.616,0.616,0.288,0.011,-0.5,1.0,6.0,3.0,0.0
7.599999904632568,5.5,3.75,0.0,0.017230188474059105,0.0124692153185606,0.794,0.616,0.371,0.011,-5.0,1.0,6.0,3.0,0.0
7.400000095367432,6.099999904632568,4.5,0.0,0.06330275535583496,0.05218200385570526,0.616,0.616,0.371,0.011,-0.5,1.0,6.0,3.0,0.0
6.0,9.300000190734863,9.5,0.0,0.08102178573608398,0.12558378279209137,0.616,0.616,0.616,0.011,0.0,1.0,0.0,1.0,0.0
5.800000190734863,-10.699999809265137,0.0,0.0,3.0372493267059326,-5.6032023429870605,0.005,0.005,0.005,0.005,2.0,6.0,4.0,0.0,7.0
7.400000095367432,11.300000190734863,9.75,0.0,0.2036735713481903,0.3110150396823883,0.616,0.794,0.616,0.011,-4.0,1.0,0.0,2.0,0.0
