x,y,vx,vy,vx_comp,vy_comp,x_rms,y_rms,vx_rms,vy_rms,rcs,pdh0,dyn_prop,ambig_state,valid_state
7.599999904632568,9.699999809265137,16.75,0.0,0.20236626267433167,0.25828325748443604,0.616,0.616,0.478,0.011,11.5,1.0,0.0,1.0,0.0
