x,y,vx,vy,vx_comp,vy_comp,x_rms,y_rms,vx_rms,vy_rms,rcs,pdh0,dyn_prop,ambig_state,valid_state
2.5999999046325684,-7.099999904632568,0.0,0.0,4.267581462860107,-11.653779983520508,0.005,0.005,0.005,0.005,15.5,6.0,4.0,0.0,7.0
4.0,10.300000190734863,0.0,0.0,-4.365839004516602,-11.242035865783691,0.005,0.005,0.005,0.005,-2.0,6.0,4.0,0.0,7.0
7.599999904632568,11.699999809265137,20.5,0.0,0.2171446830034256,0.3342885375022888,0.616,0.616,0.794,0.011,0.5,1.0,0.0,1.0,0.0
