x,y,vx,vy,vx_comp,vy_comp,x_rms,y_rms,vx_rms,vy_rms,rcs,pdh0,dyn_prop,ambig_state,valid_state
3.799999952316284,12.100000381469727,0.0,0.0,-3.7322146892547607,-11.884157180786133,0.005,0.005,0.005,0.005,0.5,6.0,4.0,0.0,7.0
7.800000190734863,13.5,23.0,0.0,0.14407846331596375,0.24936653673648834,0.616,0.616,1.023,0.011,-1.0,1.0,0.0,1.0,0.0
