x,y,vx,vy,vx_comp,vy_comp,x_rms,y_rms,vx_rms,vy_rms,rcs,pdh0,dyn_prop,ambig_state,valid_state
7.800000190734863,15.300000190734863,0.0,0.0,-5.290590286254883,-10.377696990966797,0.005,0.005,0.005,0.005,5.5,6.0,4.0,0.0,7.0
