x,y,vx,vy,vx_comp,vy_comp,x_rms,y_rms,vx_rms,vy_rms,rcs,pdh0,dyn_prop,ambig_state,valid_state
7.400000095367432,-12.5,-23.25,0.0,-0.0924726203083992,0.1562037318944931,0.616,0.794,1.023,0.011,-5.0,1.0,2.0,1.0,0.0
8.0,16.299999237060547,0.0,0.0,-5.197259426116943,-10.589415550231934,0.005,0.005,0.005,0.005,-2.0,6.0,4.0,0.0,7.0
