x,y,vx,vy,vx_comp,vy_comp,x_rms,y_rms,vx_rms,vy_rms,rcs,pdh0,dyn_prop,ambig_state,valid_state
1.2000000476837158,2.9000000953674316,0.0,0.0,-4.6849870681762695,-11.322052955627441,0.005,0.005,0.005,0.005,-0.5,6.0,4.0,0.0,7.0
