x,y,vx,vy,vx_comp,vy_comp,x_rms,y_rms,vx_rms,vy_rms,rcs,pdh0,dyn_prop,ambig_state,valid_state
7.599999904632568,6.5,4.75,0.0,0.045850880444049835,0.039214570075273514,0.616,0.616,0.371,0.011,-2.0,1.0,6.0,3.0,0.0
5.800000190734863,10.300000190734863,0.0,0.0,-2.6170592308044434,-4.647536754608154,0.005,0.005,0.005,0.005,2.0,6.0,4.0,0.0,7.0
