x,y,vx,vy,vx_comp,vy_comp,x_rms,y_rms,vx_rms,vy_rms,rcs,pdh0,dyn_prop,ambig_state,valid_state
1.399999976158142,4.099999904632568,0.0,0.0,-4.086393356323242,-11.967296600341797,0.005,0.005,0.005,0.005,2.5,6.0,4.0,0.0,7.0
