x,y,vx,vy,vx_comp,vy_comp,x_rms,y_rms,vx_rms,vy_rms,rcs,pdh0,dyn_prop,ambig_state,valid_state
4.0,4.699999809265137,6.75,0.0,-0.07831495255231857,-0.09202006459236145,0.616,0.616,0.478,0.011,-2.5,1.0,6.0,3.0,0.0
7.800000190734863,6.5,4.75,0.0,0.08741315454244614,0.07284429669380188,0.616,0.616,0.371,0.011,-3.5,1.0,6.0,3.0,0.0
5.0,8.899999618530273,10.5,0.0,-0.1368175894021988,-0.24353528022766113,0.794,1.023,0.794,0.011,-2.5,1.0,6.0,3.0,16.0
5.400000095367432,9.899999618530273,0.0,0.0,-2.621976137161255,-4.806956768035889,0.005,0.005,0.005,0.005,7.0,6.0,4.0,0.0,7.0
