x,y,vx,vy,vx_comp,vy_comp,x_rms,y_rms,vx_rms,vy_rms,rcs,pdh0,dyn_prop,ambig_state,valid_state
7.199999809265137,14.300000190734863,0.0,0.0,-5.461009979248047,-10.846173286437988,0.005,0.005,0.005,0.005,-3.5,6.0,4.0,0.0,7.0
