x,y,vx,vy,vx_comp,vy_comp,x_rms,y_rms,vx_rms,vy_rms,rcs,pdh0,dyn_prop,ambig_state,valid_state
2.4000000953674316,-0.5,-2.5,0.0,0.8329545259475708,-0.17353218793869019,0.794,0.616,0.288,0.011,-2.5,1.0,2.0,2.0,0.0
3.200000047683716,-5.5,-12.25,0.0,3.108550548553467,-5.342820644378662,0.616,0.794,0.794,0.011,1.5,1.0,2.0,1.0,16.0
