x,y,vx,vy,vx_comp,vy_comp,x_rms,y_rms,vx_rms,vy_rms,rcs,pdh0,dyn_prop,ambig_state,valid_state
4.199999809265137,11.899999618530273,0.0,0.0,-4.366664409637451,-12.372215270996094,0.005,0.005,0.005,0.005,-3.5,6.0,4.0,0.0,7.0
