x,y,vx,vy,vx_comp,vy_comp,x_rms,y_rms,vx_rms,vy_rms,rcs,pdh0,dyn_prop,ambig_state,valid_state
4.199999809265137,4.699999809265137,7.25,0.0,0.26776790618896484,0.2996450364589691,0.616,0.616,0.478,0.011,-3.5,3.0,6.0,3.0,10.0
6.800000190734863,10.100000381469727,9.5,0.0,0.10089534521102905,0.1498592495918274,0.616,0.794,0.616,0.011,-1.0,1.0,0.0,1.0,0.0
