x,y,vx,vy,vx_comp,vy_comp,x_rms,y_rms,vx_rms,vy_rms,rcs,pdh0,dyn_prop,ambig_state,valid_state
2.4000000953674316,0.30000001192092896,1.5,0.0,0.18186511099338531,0.022733138874173164,0.794,0.616,0.288,0.011,-2.0,1.0,0.0,1.0,0.0
4.199999809265137,-5.5,-2.0,0.0,6.224086761474609,-8.150590896606445,0.794,0.794,0.478,0.011,2.5,1.0,2.0,1.0,0.0
