x,y,vx,vy,vx_comp,vy_comp,x_rms,y_rms,vx_rms,vy_rms,rcs,pdh0,dyn_prop,ambig_state,valid_state
3.4000000953674316,6.300000190734863,0.0,0.0,-5.803367614746094,-10.75329875946045,0.005,0.005,0.005,0.005,9.0,6.0,4.0,0.0,7.0
