x,y,vx,vy,vx_comp,vy_comp,x_rms,y_rms,vx_rms,vy_rms,rcs,pdh0,dyn_prop,ambig_state,valid_state
6.199999809265137,9.300000190734863,20.75,0.0,-0.03217597305774689,-0.04826395958662033,0.616,0.794,0.794,0.011,-4.0,1.0,0.0,1.0,0.0
