x,y,vx,vy,vx_comp,vy_comp,x_rms,y_rms,vx_rms,vy_rms,rcs,pdh0,dyn_prop,ambig_state,valid_state
3.5999999046325684,11.300000190734863,0.0,0.0,-4.0791144371032715,-12.803888320922852,0.005,0.005,0.005,0.005,5.0,6.0,4.0,0.0,7.0
