x,y,vx,vy,vx_comp,vy_comp,x_rms,y_rms,vx_rms,vy_rms,rcs,pdh0,dyn_prop,ambig_state,valid_state
4.0,12.300000190734863,0.0,0.0,-4.1498236656188965,-12.760705947875977,0.005,0.005,0.005,0.005,0.5,6.0,4.0,0.0,7.0
8.399999618530273,-18.899999618530273,0.0,0.0,5.371304035186768,-12.08543586730957,0.005,0.005,0.005,0.005,0.5,6.0,4.0,0.0,7.0
9.0,-18.899999618530273,0.0,0.0,5.623664855957031,-11.809696197509766,0.005,0.005,0.005,0.005,0.0,6.0,4.0,0.0,7.0
