x,y,vx,vy,vx_comp,vy_comp,x_rms,y_rms,vx_rms,vy_rms,rcs,pdh0,dyn_prop,ambig_state,valid_state
4.0,5.300000190734863,8.0,0.0,-0.0788918286561966,-0.1045316755771637,0.616,0.616,0.478,0.011,-2.0,1.0,6.0,3.0,0.0
4.800000190734863,-9.5,0.0,0.0,3.0399487018585205,-6.016563892364502,0.005,0.005,0.005,0.005,2.5,6.0,4.0,0.0,7.0
5.800000190734863,9.300000190734863,10.0,0.0,-0.04748307541012764,-0.07613665610551834,0.794,0.794,0.616,0.011,-2.5,1.0,6.0,3.0,0.0
5.400000095367432,9.5,11.0,0.0,-0.0639650747179985,-0.1125311627984047,0.616,0.616,0.616,0.011,2.0,1.0,6.0,3.0,0.0
7.400000095367432,10.5,9.75,0.0,0.2900942862033844,0.41162025928497314,0.616,0.616,0.616,0.011,0.0,1.0,0.0,2.0,0.0
8.800000190734863,20.5,0.0,0.0,-2.3744614124298096,-5.531415939331055,0.005,0.005,0.005,0.005,-0.5,6.0,4.0,0.0,7.0
