x,y,vx,vy,vx_comp,vy_comp,x_rms,y_rms,vx_rms,vy_rms,rcs,pdh0,dyn_prop,ambig_state,valid_state
8.600000381469727,-18.100000381469727,0.0,0.0,5.622653007507324,-11.833722114562988,0.005,0.005,0.005,0.005,11.0,6.0,4.0,0.0,7.0
9.800000190734863,-20.100000381469727,0.0,0.0,5.7162089347839355,-11.724061012268066,0.005,0.005,0.005,0.005,3.0,6.0,4.0,0.0,7.0
