x,y,vx,vy,vx_comp,vy_comp,x_rms,y_rms,vx_rms,vy_rms,rcs,pdh0,dyn_prop,ambig_state,valid_state
7.800000190734863,13.699999809265137,0.0,0.0,-6.047066688537598,-10.621129035949707,0.005,0.005,0.005,0.005,1.5,6.0,4.0,0.0,7.0
6.800000190734863,-15.300000190734863,0.0,0.0,5.398491382598877,-12.146607398986816,0.005,0.005,0.005,0.005,-4.5,6.0,4.0,0.0,7.0
7.800000190734863,-16.299999237060547,0.0,0.0,5.670016288757324,-11.84887981414795,0.005,0.005,0.005,0.005,9.5,6.0,4.0,0.0,7.0
9.800000190734863,-16.5,-25.0,0.0,-0.1016327291727066,0.17111629247665405,0.794,0.794,1.317,0.011,-4.0,3.0,2.0,1.0,4.0
10.0,17.899999618530273,0.0,0.0,-5.990253925323486,-10.722553253173828,0.005,0.005,0.005,0.005,-1.5,6.0,4.0,0.0,7.0
