x,y,vx,vy,vx_comp,vy_comp,x_rms,y_rms,vx_rms,vy_rms,rcs,pdh0,dyn_prop,ambig_state,valid_state
7.199999809265137,12.899999618530273,0.0,0.0,-6.001054763793945,-10.751888275146484,0.005,0.005,0.005,0.005,-2.5,6.0,4.0,0.0,7.0
9.0,-13.699999809265137,-22.75,0.0,-0.12278668582439423,0.18690861761569977,0.616,0.794,0.794,0.011,-4.5,1.0,2.0,1.0,0.0
7.800000190734863,-15.100000381469727,0.0,0.0,5.95774507522583,-11.533585548400879,0.005,0.005,0.005,0.005,8.5,6.0,4.0,0.0,7.0
9.399999618530273,-14.300000190734863,-22.25,0.0,0.02387024462223053,-0.036313246935606,0.616,0.616,0.794,0.011,2.5,1.0,2.0,1.0,0.0
9.800000190734863,-15.300000190734863,-22.75,0.0,0.04451165348291397,-0.06949267536401749,0.616,0.616,0.794,0.011,-2.0,1.0,2.0,1.0,0.0
6.599999904632568,-21.5,0.0,0.0,4.071108341217041,-13.261946678161621,0.005,0.005,0.005,0.005,7.0,6.0,4.0,0.0,7.0
