x,y,vx,vy,vx_comp,vy_comp,x_rms,y_rms,vx_rms,vy_rms,rcs,pdh0,dyn_prop,ambig_state,valid_state
6.400000095367432,-12.100000381469727,0.0,0.0,6.053154945373535,-11.444246292114258,0.005,0.005,0.005,0.005,0.0,6.0,4.0,0.0,7.0
9.0,-12.100000381469727,-20.75,0.0,-0.3276325762271881,0.44048380851745605,0.794,1.023,0.794,0.011,2.5,1.0,6.0,3.0,0.0
8.800000190734863,-12.300000190734863,-21.75,0.0,-0.3903915584087372,0.5456609129905701,0.794,1.023,0.794,0.011,2.0,1.0,6.0,3.0,0.0
10.399999618530273,-11.5,-16.25,0.0,0.06547034531831741,-0.07239510118961334,0.616,0.616,0.478,0.011,6.5,1.0,2.0,1.0,0.0
10.0,-12.5,-18.25,0.0,0.08626940846443176,-0.1078367605805397,0.616,0.616,0.616,0.011,-0.5,1.0,2.0,1.0,0.0
8.600000381469727,-13.300000190734863,-20.75,0.0,0.5861349105834961,-0.9064643979072571,0.794,0.794,0.794,0.011,-2.0,3.0,6.0,3.0,11.0
11.800000190734863,-13.5,-16.75,0.0,0.08517253398895264,-0.09744314849376678,0.616,0.616,0.478,0.011,-4.5,3.0,2.0,1.0,4.0
6.0,-18.5,0.0,0.0,4.268939971923828,-13.162565231323242,0.005,0.005,0.005,0.005,3.0,6.0,4.0,0.0,7.0
6.800000190734863,-19.700000762939453,0.0,0.0,4.4898505210876465,-13.007363319396973,0.005,0.005,0.005,0.005,3.0,6.0,4.0,0.0,7.0
