x,y,vx,vy,vx_comp,vy_comp,x_rms,y_rms,vx_rms,vy_rms,rcs,pdh0,dyn_prop,ambig_state,valid_state
5.599999904632568,11.5,0.0,0.0,-5.57076358795166,-11.439962387084961,0.005,0.005,0.005,0.005,0.5,6.0,4.0,0.0,7.0
8.0,-9.899999618530273,-19.5,-0.25,-0.36043781042099,0.4460417628288269,0.616,0.616,0.616,0.011,-2.0,1.0,6.0,3.0,0.0
10.199999809265137,-8.699999809265137,-12.5,0.0,0.14261378347873688,-0.12164115905761719,0.616,0.616,0.371,0.011,5.0,1.0,2.0,1.0,0.0
8.0,-11.699999809265137,-22.5,-0.25,-0.19738107919692993,0.2886698544025421,0.616,0.616,0.616,0.011,11.5,1.0,6.0,3.0,0.0
9.0,-11.100000381469727,-19.5,-0.25,-0.3860971927642822,0.4761865437030792,0.794,0.794,0.794,0.011,4.5,1.0,6.0,3.0,0.0
10.399999618530273,-9.899999618530273,-15.0,-0.5,-0.18562276661396027,0.17669859528541565,0.794,0.616,0.478,0.011,1.0,1.0,6.0,3.0,0.0
9.0,-11.100000381469727,-17.25,-0.25,0.5063663125038147,-0.6245184540748596,0.616,0.616,0.478,0.011,5.0,3.0,6.0,3.0,10.0
