x,y,vx,vy,vx_comp,vy_comp,x_rms,y_rms,vx_rms,vy_rms,rcs,pdh0,dyn_prop,ambig_state,valid_state
8.0,-7.900000095367432,-15.75,-0.25,-0.4180200695991516,0.4127947986125946,0.794,0.794,0.478,0.011,0.5,1.0,6.0,3.0,0.0
10.199999809265137,-6.900000095367432,-9.75,0.0,0.3103625178337097,-0.20995111763477325,0.616,0.616,0.371,0.011,13.0,1.0,2.0,1.0,16.0
8.800000190734863,-8.899999618530273,-16.0,-0.25,-0.3590664863586426,0.3631467819213867,0.616,0.616,0.478,0.011,8.0,1.0,6.0,3.0,0.0
9.600000381469727,-8.699999809265137,-13.5,0.0,0.004637289792299271,-0.004202543292194605,0.794,0.794,0.478,0.011,6.5,1.0,2.0,1.0,0.0
10.399999618530273,-8.300000190734863,-11.75,0.0,0.12343638390302658,-0.09851174056529999,0.616,0.616,0.371,0.011,11.0,1.0,2.0,1.0,0.0
9.0,13.5,-25.0,0.0,-14.188497543334961,-21.282747268676758,0.794,0.794,1.023,0.011,-2.0,1.0,2.0,1.0,16.0
14.800000190734863,-10.100000381469727,-10.0,0.0,0.19660508632659912,-0.13416968286037445,0.616,0.616,0.371,0.011,-3.0,1.0,2.0,1.0,0.0
