x,y,vx,vy,vx_comp,vy_comp,x_rms,y_rms,vx_rms,vy_rms,rcs,pdh0,dyn_prop,ambig_state,valid_state
5.599999904632568,-7.900000095367432,-2.75,0.0,2.791372060775757,-3.937828302383423,0.794,0.794,0.478,0.011,-3.0,1.0,1.0,1.0,0.0
5.800000190734863,9.5,10.75,0.0,0.03668617829680443,0.06008942052721977,0.616,0.616,0.616,0.011,9.5,1.0,6.0,3.0,16.0
7.400000095367432,10.899999618530273,10.25,0.0,0.25551170110702515,0.37636181712150574,0.794,1.023,0.616,0.011,-4.5,1.0,0.0,3.0,0.0
