x,y,vx,vy,vx_comp,vy_comp,x_rms,y_rms,vx_rms,vy_rms,rcs,pdh0,dyn_prop,ambig_state,valid_state
8.800000190734863,5.900000095367432,10.0,0.0,0.5111516118049622,0.3427039086818695,0.616,0.794,0.371,0.011,17.0,1.0,0.0,3.0,0.0
10.0,4.5,6.5,0.0,0.36031386256217957,0.16214123368263245,0.616,0.616,0.288,0.011,0.5,1.0,0.0,1.0,0.0
7.400000095367432,-9.100000381469727,-18.25,0.0,0.0028311016503721476,-0.003481490071862936,0.616,0.616,0.616,0.011,-1.0,3.0,2.0,1.0,10.0
10.800000190734863,4.900000095367432,6.5,0.0,0.31483638286590576,0.14284244179725647,0.616,0.616,0.288,0.011,-3.0,3.0,0.0,1.0,11.0
12.0,5.5,6.75,0.0,0.464935302734375,0.21309533715248108,0.616,0.616,0.288,0.011,7.0,1.0,0.0,1.0,0.0
12.800000190734863,10.899999618530273,3.0,0.0,-5.14832067489624,-4.3841166496276855,0.616,0.616,0.371,0.011,-2.5,1.0,0.0,1.0,16.0
10.800000190734863,-13.899999618530273,-13.75,0.0,2.009049415588379,-2.585721015930176,0.794,0.794,0.616,0.011,-0.5,1.0,2.0,1.0,16.0
46.20000076293945,28.899999618530273,9.25,0.0,0.4609357714653015,0.28833428025245667,1.023,1.023,0.371,0.011,-4.0,3.0,0.0,1.0,4.0
51.599998474121094,27.899999618530273,7.75,0.0,0.28622329235076904,0.15476028621196747,1.023,1.023,0.371,0.011,-3.5,3.0,0.0,1.0,4.0
