x,y,vx,vy,vx_comp,vy_comp,x_rms,y_rms,vx_rms,vy_rms,rcs,pdh0,dyn_prop,ambig_state,valid_state
9.399999618530273,6.300000190734863,10.0,0.0,0.5216804146766663,0.34963688254356384,0.616,0.794,0.371,0.011,19.5,1.0,0.0,3.0,0.0
7.800000190734863,-9.5,-18.0,0.0,0.045513346791267395,-0.055432915687561035,0.616,0.794,0.616,0.011,-4.0,3.0,2.0,1.0,10.0
8.399999618530273,-10.899999618530273,-19.25,0.0,0.0064650787971913815,-0.00838921032845974,0.616,0.616,0.616,0.011,-4.5,1.0,2.0,1.0,0.0
9.199999809265137,-12.699999809265137,-20.75,0.0,-0.0973140299320221,0.13433566689491272,0.794,0.794,0.794,0.011,-1.0,1.0,2.0,1.0,0.0
23.200000762939453,23.100000381469727,9.0,0.0,-2.4905762672424316,-2.4798412322998047,0.794,0.794,0.478,0.011,-0.5,1.0,0.0,1.0,0.0
28.0,37.29999923706055,19.25,0.0,0.1497509926557541,0.19948971271514893,1.023,1.023,0.794,0.011,9.5,1.0,0.0,1.0,0.0
31.0,35.29999923706055,16.5,0.0,0.20381639897823334,0.23208770155906677,0.794,0.794,0.478,0.011,6.0,1.0,0.0,1.0,0.0
