x,y,vx,vy,vx_comp,vy_comp,x_rms,y_rms,vx_rms,vy_rms,rcs,pdh0,dyn_prop,ambig_state,valid_state
6.0,10.100000381469727,11.0,0.0,-0.031866446137428284,-0.05364185944199562,0.794,1.023,0.794,0.011,-3.0,1.0,6.0,3.0,0.0
6.400000095367432,12.100000381469727,0.0,0.0,-2.7579596042633057,-5.214267730712891,0.005,0.005,0.005,0.005,-4.0,6.0,4.0,0.0,7.0
