x,y,vx,vy,vx_comp,vy_comp,x_rms,y_rms,vx_rms,vy_rms,rcs,pdh0,dyn_prop,ambig_state,valid_state
7.199999809265137,5.099999904632568,10.25,0.0,0.30591580271720886,0.216690331697464,0.616,0.616,0.371,0.011,1.5,1.0,0.0,1.0,0.0
8.800000190734863,7.699999809265137,12.75,0.0,0.30846142768859863,0.2699037194252014,0.616,0.616,0.371,0.011,-5.0,1.0,0.0,1.0,0.0
8.399999618530273,-10.100000381469727,-17.75,0.0,0.05851051211357117,-0.07035192847251892,0.616,0.616,0.616,0.011,-3.5,3.0,2.0,1.0,10.0
9.0,-11.100000381469727,-18.5,0.0,-0.06284607946872711,0.07751016318798065,0.616,0.616,0.478,0.011,-1.0,3.0,2.0,1.0,10.0
31.799999237060547,36.29999923706055,17.0,0.0,0.4052293002605438,0.4625730514526367,0.794,0.616,0.478,0.011,9.0,3.0,0.0,2.0,10.0
69.19999694824219,-36.099998474121094,-7.75,0.0,0.22057072818279266,-0.1150665208697319,0.794,1.023,0.288,0.011,12.5,1.0,2.0,1.0,0.0
81.80000305175781,-48.099998474121094,-8.75,0.0,0.17969214916229248,-0.10566249489784241,1.317,1.317,0.371,0.011,3.5,1.0,2.0,1.0,0.0
