x,y,vx,vy,vx_comp,vy_comp,x_rms,y_rms,vx_rms,vy_rms,rcs,pdh0,dyn_prop,ambig_state,valid_state
22.399999618530273,39.5,0.0,0.0,-6.116121292114258,-10.785126686096191,0.005,0.005,0.005,0.005,21.5,6.0,4.0,0.0,7.0
40.0,8.5,0.0,0.0,-2.521345853805542,-0.535785973072052,0.005,0.005,0.005,0.005,-4.5,6.0,4.0,0.0,7.0
