x,y,vx,vy,vx_comp,vy_comp,x_rms,y_rms,vx_rms,vy_rms,rcs,pdh0,dyn_prop,ambig_state,valid_state
5.0,1.7000000476837158,4.75,0.0,0.23313592374324799,0.07926622033119202,0.616,0.616,0.288,0.011,12.0,1.0,0.0,1.0,0.0
5.800000190734863,4.099999904632568,10.25,0.0,0.292105108499527,0.20648807287216187,0.616,0.616,0.371,0.011,-1.5,3.0,0.0,1.0,11.0
6.0,4.300000190734863,10.5,0.0,0.36095765233039856,0.2586863338947296,0.616,0.616,0.371,0.011,2.0,1.0,0.0,1.0,0.0
11.800000190734863,-16.899999618530273,-18.25,0.0,0.9723269939422607,-1.392569899559021,0.794,0.794,0.794,0.011,-3.5,1.0,2.0,1.0,16.0
11.800000190734863,-17.5,-18.75,0.0,1.0015311241149902,-1.4853215217590332,0.794,0.794,0.794,0.011,-3.5,1.0,2.0,1.0,16.0
39.0,10.899999618530273,4.0,0.0,0.35975381731987,0.10054657608270645,0.616,0.794,0.288,0.011,-2.5,3.0,0.0,1.0,4.0
40.20000076293945,9.300000190734863,3.25,0.0,0.31912657618522644,0.07382779568433762,0.616,0.794,0.288,0.011,-4.5,3.0,0.0,1.0,4.0
21.600000381469727,40.900001525878906,0.0,0.0,-5.893573760986328,-11.159591674804688,0.005,0.005,0.005,0.005,19.0,6.0,4.0,0.0,7.0
23.600000381469727,39.900001525878906,25.0,0.0,0.23788030445575714,0.40217897295951843,1.317,1.023,1.317,0.011,19.0,1.0,0.0,1.0,16.0
