x,y,vx,vy,vx_comp,vy_comp,x_rms,y_rms,vx_rms,vy_rms,rcs,pdh0,dyn_prop,ambig_state,valid_state
7.0,2.299999952316284,5.0,0.0,0.5846860408782959,0.19211110472679138,0.794,0.794,0.288,0.011,-3.0,1.0,0.0,3.0,0.0
10.600000381469727,2.700000047683716,3.75,0.0,0.4433422088623047,0.11292678117752075,0.794,0.794,0.288,0.011,-4.5,1.0,0.0,3.0,0.0
9.399999618530273,-12.899999618530273,-21.0,0.0,-0.21172091364860535,0.29055315256118774,0.794,1.023,0.794,0.011,-2.0,1.0,6.0,3.0,0.0
10.0,-21.5,0.0,0.0,5.638327598571777,-12.122406005859375,0.005,0.005,0.005,0.005,5.0,6.0,4.0,0.0,7.0
29.200000762939453,30.700000762939453,15.5,0.0,0.3010700047016144,0.31653594970703125,0.794,0.794,0.478,0.011,12.5,1.0,0.0,1.0,0.0
28.0,32.5,17.0,0.0,0.23147262632846832,0.2686735987663269,0.616,0.616,0.478,0.011,14.5,3.0,0.0,1.0,10.0
29.399999618530273,31.899999618530273,16.0,0.0,0.2958635091781616,0.32102200388908386,0.794,0.794,0.478,0.011,8.0,3.0,0.0,1.0,11.0
