x,y,vx,vy,vx_comp,vy_comp,x_rms,y_rms,vx_rms,vy_rms,rcs,pdh0,dyn_prop,ambig_state,valid_state
4.199999809265137,-5.900000095367432,-3.0,0.0,6.0131754875183105,-8.447080612182617,0.616,0.794,0.478,0.011,0.5,1.0,2.0,1.0,0.0
10.800000190734863,3.299999952316284,4.5,0.0,0.44535091519355774,0.13607944548130035,0.616,0.794,0.288,0.011,-4.5,1.0,0.0,3.0,0.0
7.800000190734863,-18.899999618530273,0.0,0.0,5.195539951324463,-12.589190483093262,0.005,0.005,0.005,0.005,3.5,6.0,4.0,0.0,7.0
13.199999809265137,-21.5,-24.0,0.0,0.03828149661421776,-0.06235242635011673,0.616,0.616,0.616,0.011,12.5,1.0,2.0,1.0,0.0
13.199999809265137,-24.5,0.0,0.0,6.174997329711914,-11.461170196533203,0.005,0.005,0.005,0.005,5.0,6.0,4.0,0.0,7.0
24.399999618530273,31.100000381469727,18.75,0.0,0.24131955206394196,0.3075835406780243,1.023,1.023,0.794,0.011,2.5,1.0,0.0,1.0,0.0
25.600000381469727,32.5,18.75,0.0,0.2707005441188812,0.3436627984046936,1.023,1.023,0.616,0.011,7.0,1.0,0.0,1.0,0.0
28.600000381469727,33.70000076293945,17.75,0.0,0.4331176280975342,0.5103518962860107,0.616,0.616,0.478,0.011,11.0,3.0,0.0,2.0,10.0
