x,y,vx,vy,vx_comp,vy_comp,x_rms,y_rms,vx_rms,vy_rms,rcs,pdh0,dyn_prop,ambig_state,valid_state
10.399999618530273,20.700000762939453,0.0,0.0,-2.7557005882263184,-5.484905242919922,0.005,0.005,0.005,0.005,0.0,6.0,4.0,0.0,7.0
