x,y,vx,vy,vx_comp,vy_comp,x_rms,y_rms,vx_rms,vy_rms,rcs,pdh0,dyn_prop,ambig_state,valid_state
8.0,-1.2999999523162842,-2.75,0.0,0.05351995304226875,-0.008696991950273514,0.794,0.616,0.288,0.011,8.5,1.0,2.0,1.0,0.0
12.0,2.9000000953674316,3.5,0.0,0.3960413634777069,0.09570999443531036,0.794,0.616,0.288,0.011,-0.5,1.0,0.0,3.0,0.0
11.800000190734863,3.5,4.25,0.0,0.339202880859375,0.10061102360486984,0.616,0.616,0.288,0.011,7.5,1.0,0.0,3.0,0.0
9.600000381469727,-16.299999237060547,-25.0,0.0,0.042431481182575226,-0.07204511761665344,0.794,0.794,1.023,0.011,3.5,1.0,2.0,1.0,0.0
13.199999809265137,-13.5,-16.0,-0.25,-0.20144200325012207,0.20602023601531982,0.616,0.616,0.478,0.011,-2.5,1.0,6.0,3.0,0.0
13.199999809265137,-19.700000762939453,-23.0,-0.25,-0.1408783346414566,0.21025025844573975,0.794,0.794,0.794,0.011,3.5,1.0,6.0,3.0,0.0
7.800000190734863,-1.2999999523162842,0.0,0.0,2.7881619930267334,-0.4646936357021332,0.005,0.005,0.005,0.005,2.0,6.0,4.0,0.0,7.0
