x,y,vx,vy,vx_comp,vy_comp,x_rms,y_rms,vx_rms,vy_rms,rcs,pdh0,dyn_prop,ambig_state,valid_state
8.0,-1.2999999523162842,-2.5,0.0,0.2967875003814697,-0.04822796583175659,0.616,0.616,0.288,0.011,-3.0,3.0,2.0,2.0,11.0
8.399999618530273,-1.2999999523162842,-2.5,0.0,0.18747800588607788,-0.029014453291893005,0.616,0.616,0.288,0.011,-1.5,1.0,2.0,1.0,0.0
10.399999618530273,-3.0999999046325684,-5.5,-0.25,-0.5942419767379761,0.1771298199892044,0.616,0.616,0.288,0.011,-4.0,1.0,6.0,3.0,0.0
7.599999904632568,13.699999809265137,0.0,0.0,-6.072511196136475,-10.946501731872559,0.005,0.005,0.005,0.005,3.0,6.0,4.0,0.0,7.0
9.399999618530273,-18.299999237060547,0.0,0.0,6.008632659912109,-11.697657585144043,0.005,0.005,0.005,0.005,8.0,6.0,4.0,0.0,7.0
12.600000381469727,-15.899999618530273,-18.0,-0.25,0.4343228042125702,-0.5480740070343018,0.794,0.794,0.616,0.011,4.0,3.0,6.0,3.0,10.0
