x,y,vx,vy,vx_comp,vy_comp,x_rms,y_rms,vx_rms,vy_rms,rcs,pdh0,dyn_prop,ambig_state,valid_state
10.800000190734863,32.5,0.0,0.0,-2.2697255611419678,-6.8301920890808105,0.005,0.005,0.005,0.005,14.5,6.0,4.0,0.0,7.0
