x,y,vx,vy,vx_comp,vy_comp,x_rms,y_rms,vx_rms,vy_rms,rcs,pdh0,dyn_prop,ambig_state,valid_state
15.600000381469727,9.300000190734863,8.75,0.0,0.27060744166374207,0.1613236516714096,0.616,0.616,0.371,0.011,-2.0,1.0,0.0,1.0,0.0
15.399999618530273,12.300000190734863,11.75,0.0,0.24093709886074066,0.19243678450584412,0.616,0.616,0.371,0.011,9.5,1.0,0.0,1.0,0.0
12.399999618530273,15.899999618530273,20.0,0.0,0.5858198404312134,0.7511721849441528,0.616,0.616,0.616,0.011,3.5,1.0,0.0,1.0,16.0
9.399999618530273,18.5,0.0,0.0,-5.85113525390625,-11.515533447265625,0.005,0.005,0.005,0.005,3.0,6.0,4.0,0.0,7.0
8.600000381469727,19.700000762939453,0.0,0.0,-5.322085380554199,-12.191288948059082,0.005,0.005,0.005,0.005,4.5,6.0,4.0,0.0,7.0
9.600000381469727,24.299999237060547,0.0,0.0,-4.965213298797607,-12.568196296691895,0.005,0.005,0.005,0.005,11.5,6.0,4.0,0.0,7.0
