x,y,vx,vy,vx_comp,vy_comp,x_rms,y_rms,vx_rms,vy_rms,rcs,pdh0,dyn_prop,ambig_state,valid_state
4.0,-0.5,-2.0,0.0,0.20137466490268707,-0.025171833112835884,0.616,0.616,0.288,0.011,5.5,1.0,2.0,3.0,0.0
8.0,-5.900000095367432,-11.0,0.0,0.1566634178161621,-0.11553926765918732,0.794,0.616,0.371,0.011,-3.5,1.0,2.0,1.0,0.0
7.800000190734863,-8.899999618530273,-17.25,0.0,-0.023529445752501488,0.02684769779443741,0.616,0.616,0.478,0.011,0.0,1.0,2.0,1.0,0.0
8.0,10.699999809265137,19.75,0.0,0.13465362787246704,0.1800992339849472,0.794,0.794,0.794,0.011,-0.5,1.0,0.0,1.0,0.0
16.200000762939453,19.700000762939453,19.25,0.0,0.6727209687232971,0.818061888217926,0.616,0.616,0.478,0.011,2.5,1.0,0.0,2.0,0.0
13.0,28.100000381469727,0.0,0.0,-5.559177398681641,-12.016375541687012,0.005,0.005,0.005,0.005,5.0,6.0,4.0,0.0,7.0
13.0,31.299999237060547,0.0,0.0,-5.173620223999023,-12.4564847946167,0.005,0.005,0.005,0.005,10.0,6.0,4.0,0.0,7.0
43.20000076293945,18.299999237060547,6.25,0.0,0.3050929009914398,0.1292407363653183,0.794,0.794,0.288,0.011,-5.0,3.0,0.0,1.0,4.0
