x,y,vx,vy,vx_comp,vy_comp,x_rms,y_rms,vx_rms,vy_rms,rcs,pdh0,dyn_prop,ambig_state,valid_state
8.0,12.100000381469727,22.25,0.0,0.08266477286815643,0.12503047287464142,0.794,0.794,1.023,0.011,3.0,1.0,0.0,1.0,0.0
9.600000381469727,-16.299999237060547,-25.5,0.0,-0.01734078861773014,0.02944321371614933,0.794,0.794,1.317,0.011,-3.0,1.0,2.0,1.0,0.0
23.799999237060547,6.300000190734863,9.25,0.0,5.325812339782715,1.4097739458084106,0.616,0.616,0.288,0.011,-4.0,3.0,0.0,1.0,4.0
12.399999618530273,26.299999237060547,0.0,0.0,-5.631345748901367,-11.943901062011719,0.005,0.005,0.005,0.005,9.5,6.0,4.0,0.0,7.0
13.0,29.299999237060547,0.0,0.0,-5.415668487548828,-12.206083297729492,0.005,0.005,0.005,0.005,8.0,6.0,4.0,0.0,7.0
42.400001525878906,21.299999237060547,7.5,0.0,0.3508360981941223,0.17624546587467194,0.794,0.794,0.288,0.011,-3.0,3.0,0.0,1.0,4.0
50.599998474121094,28.899999618530273,8.5,0.0,0.3193527162075043,0.18239709734916687,0.794,1.023,0.371,0.011,-0.5,3.0,0.0,1.0,4.0
11.0,0.10000000149011612,0.0,0.0,0.22384865581989288,0.0020349877886474133,0.005,0.005,0.005,0.005,-1.0,6.0,4.0,3.0,8.0
