x,y,vx,vy,vx_comp,vy_comp,x_rms,y_rms,vx_rms,vy_rms,rcs,pdh0,dyn_prop,ambig_state,valid_state
8.600000381469727,2.5,4.5,0.0,0.514488935470581,0.14956071972846985,0.794,0.616,0.288,0.011,-4.5,1.0,0.0,1.0,0.0
7.800000190734863,-6.5,-12.75,0.0,-0.04226575046777725,0.03522145748138428,0.794,0.794,0.371,0.011,-3.0,1.0,2.0,1.0,0.0
8.800000190734863,5.699999809265137,9.5,0.0,0.19637861847877502,0.12719976902008057,0.794,0.616,0.371,0.011,-2.5,1.0,0.0,1.0,0.0
12.0,8.5,10.5,0.0,0.2547864615917206,0.18047372996807098,0.616,0.616,0.371,0.011,-3.5,1.0,0.0,1.0,0.0
10.600000381469727,22.899999618530273,0.0,0.0,-5.573788166046143,-12.041485786437988,0.005,0.005,0.005,0.005,3.5,6.0,4.0,0.0,7.0
15.399999618530273,22.100000381469727,21.5,0.0,0.20815980434417725,0.2987228333950043,0.794,0.794,0.794,0.011,4.0,1.0,0.0,1.0,0.0
45.599998474121094,34.900001525878906,11.5,0.0,0.3402351438999176,0.26039931178092957,1.023,1.023,0.371,0.011,0.0,3.0,0.0,1.0,4.0
50.400001525878906,29.700000762939453,8.75,0.0,0.2916378676891327,0.1718580275774002,0.794,0.794,0.371,0.011,1.0,1.0,0.0,1.0,0.0
58.20000076293945,29.299999237060547,7.5,0.0,0.32894641160964966,0.16560359299182892,1.023,1.023,0.288,0.011,-4.5,3.0,0.0,1.0,4.0
