x,y,vx,vy,vx_comp,vy_comp,x_rms,y_rms,vx_rms,vy_rms,rcs,pdh0,dyn_prop,ambig_state,valid_state
7.800000190734863,-5.5,-10.5,0.0,0.1980375349521637,-0.13964183628559113,0.794,0.616,0.371,0.011,-5.0,1.0,2.0,1.0,0.0
20.0,-1.100000023841858,-0.75,0.75,0.3824748694896698,-0.021036116406321526,0.616,0.616,0.288,0.011,-3.5,1.0,3.0,3.0,0.0
12.399999618530273,23.700000762939453,0.0,0.0,-6.0015459060668945,-11.470698356628418,0.005,0.005,0.005,0.005,5.0,6.0,4.0,0.0,7.0
16.0,23.299999237060547,23.0,0.0,0.5796926617622375,0.8441774249076843,0.794,0.794,0.794,0.011,0.0,1.0,0.0,2.0,0.0
30.0,32.900001525878906,-12.5,0.0,-12.879456520080566,-14.124471664428711,1.023,1.023,0.478,0.011,0.5,1.0,2.0,1.0,0.0
47.0,34.099998474121094,10.75,0.0,0.24459010362625122,0.17745791375637054,0.794,0.794,0.371,0.011,3.5,1.0,0.0,1.0,0.0
46.79999923706055,36.29999923706055,11.5,0.0,0.2383514940738678,0.18487519025802612,0.794,0.794,0.371,0.011,8.5,1.0,0.0,1.0,0.0
9.800000190734863,2.0999999046325684,0.0,0.0,-2.687047243118286,-0.5757958292961121,0.005,0.005,0.005,0.005,-1.5,6.0,4.0,0.0,7.0
10.399999618530273,2.299999952316284,0.0,0.0,-2.776292085647583,-0.6139876842498779,0.005,0.005,0.005,0.005,0.0,6.0,4.0,0.0,7.0
