x,y,vx,vy,vx_comp,vy_comp,x_rms,y_rms,vx_rms,vy_rms,rcs,pdh0,dyn_prop,ambig_state,valid_state
7.400000095367432,6.699999809265137,5.0,0.0,-4.430487632751465,-4.011386871337891,0.616,0.616,0.371,0.011,2.5,1.0,0.0,1.0,0.0
3.4000000953674316,10.300000190734863,0.0,0.0,-4.3756489753723145,-13.255642890930176,0.005,0.005,0.005,0.005,15.0,6.0,4.0,0.0,7.0
9.0,-7.300000190734863,4.75,0.0,10.326367378234863,-8.375831604003906,0.794,0.616,0.371,0.011,-2.5,1.0,0.0,1.0,16.0
9.600000381469727,11.5,18.0,0.0,0.24789701402187347,0.2969599962234497,0.794,0.794,0.616,0.011,-3.5,3.0,0.0,1.0,10.0
6.599999904632568,-13.300000190734863,0.0,0.0,5.9692888259887695,-12.029020309448242,0.005,0.005,0.005,0.005,3.5,6.0,4.0,0.0,7.0
12.0,25.100000381469727,0.0,0.0,-5.700109958648682,-11.922730445861816,0.005,0.005,0.005,0.005,8.5,6.0,4.0,0.0,7.0
61.79999923706055,67.69999694824219,16.5,0.0,0.28250575065612793,0.309476375579834,1.317,1.317,0.478,0.011,13.5,1.0,0.0,1.0,0.0
