x,y,vx,vy,vx_comp,vy_comp,x_rms,y_rms,vx_rms,vy_rms,rcs,pdh0,dyn_prop,ambig_state,valid_state
4.199999809265137,4.900000095367432,17.5,0.0,0.23334504663944244,0.2722359001636505,0.616,0.616,0.478,0.011,-3.5,3.0,0.0,1.0,10.0
8.399999618530273,5.900000095367432,10.5,0.0,0.2928958237171173,0.20572446286678314,0.616,0.616,0.371,0.011,-3.5,1.0,0.0,1.0,0.0
7.400000095367432,13.899999618530273,0.0,0.0,-6.07410192489624,-11.409461975097656,0.005,0.005,0.005,0.005,6.0,6.0,4.0,0.0,7.0
10.0,13.300000190734863,-8.0,0.0,-9.885390281677246,-13.147570610046387,0.616,0.616,0.478,0.011,3.5,1.0,2.0,1.0,0.0
9.600000381469727,14.5,22.5,0.0,0.13785207271575928,0.20821407437324524,0.616,0.616,0.794,0.011,4.0,1.0,0.0,1.0,0.0
29.399999618530273,37.29999923706055,-17.25,0.0,-13.684967994689941,-17.36222267150879,1.023,0.794,0.616,0.011,13.5,1.0,2.0,1.0,0.0
