x,y,vx,vy,vx_comp,vy_comp,x_rms,y_rms,vx_rms,vy_rms,rcs,pdh0,dyn_prop,ambig_state,valid_state
7.599999904632568,-5.300000190734863,-10.5,0.0,0.13756079971790314,-0.0959305614233017,0.616,0.616,0.371,0.011,-3.5,1.0,2.0,1.0,0.0
7.0,12.5,0.0,0.0,-6.2421393394470215,-11.146677017211914,0.005,0.005,0.005,0.005,4.5,6.0,4.0,0.0,7.0
5.400000095367432,-13.899999618530273,0.0,0.0,5.05603551864624,-13.01461124420166,0.005,0.005,0.005,0.005,6.0,6.0,4.0,0.0,7.0
12.199999809265137,27.100000381469727,0.0,0.0,-5.49551248550415,-12.207245826721191,0.005,0.005,0.005,0.005,6.5,6.0,4.0,0.0,7.0
12.800000190734863,30.100000381469727,0.0,0.0,-5.290271759033203,-12.440403938293457,0.005,0.005,0.005,0.005,10.0,6.0,4.0,0.0,7.0
