x,y,vx,vy,vx_comp,vy_comp,x_rms,y_rms,vx_rms,vy_rms,rcs,pdh0,dyn_prop,ambig_state,valid_state
12.199999809265137,31.299999237060547,0.0,0.0,-4.972550392150879,-12.75744342803955,0.005,0.005,0.005,0.005,11.5,6.0,4.0,0.0,7.0
11.600000381469727,-0.5,-0.75,0.5,0.23008474707603455,-0.009917444549500942,0.794,0.616,0.288,0.011,1.0,1.0,3.0,3.0,0.0
