x,y,vx,vy,vx_comp,vy_comp,x_rms,y_rms,vx_rms,vy_rms,rcs,pdh0,dyn_prop,ambig_state,valid_state
8.600000381469727,16.5,0.0,0.0,-6.007014274597168,-11.525084495544434,0.005,0.005,0.005,0.005,0.5,6.0,4.0,0.0,7.0
