x,y,vx,vy,vx_comp,vy_comp,x_rms,y_rms,vx_rms,vy_rms,rcs,pdh0,dyn_prop,ambig_state,valid_state
7.800000190734863,4.300000190734863,8.25,0.0,0.3255765736103058,0.1794845163822174,0.616,0.616,0.371,0.011,-2.0,1.0,0.0,1.0,0.0
8.399999618530273,10.100000381469727,18.5,0.0,0.4107201397418976,0.49384209513664246,0.616,0.794,0.616,0.011,1.0,3.0,0.0,1.0,10.0
7.0,-12.899999618530273,0.0,0.0,6.308259963989258,-11.625223159790039,0.005,0.005,0.005,0.005,4.5,6.0,4.0,0.0,7.0
8.399999618530273,13.300000190734863,23.75,0.0,0.17013853788375854,0.2693859934806824,0.794,0.794,1.023,0.011,1.0,1.0,0.0,1.0,0.0
9.0,15.5,0.0,0.0,-6.357985973358154,-10.94986629486084,0.005,0.005,0.005,0.005,-1.0,6.0,4.0,0.0,7.0
