x,y,vx,vy,vx_comp,vy_comp,x_rms,y_rms,vx_rms,vy_rms,rcs,pdh0,dyn_prop,ambig_state,valid_state
8.199999809265137,11.5,21.0,0.0,0.1707012951374054,0.23939815163612366,0.794,0.794,0.794,0.011,-1.0,1.0,0.0,1.0,0.0
9.600000381469727,14.300000190734863,24.75,0.0,0.9197825789451599,1.3700926303863525,0.616,0.794,1.023,0.011,-2.5,1.0,0.0,2.0,16.0
9.199999809265137,-17.100000381469727,0.0,0.0,6.284958839416504,-11.681825637817383,0.005,0.005,0.005,0.005,-2.5,6.0,4.0,0.0,7.0
