x,y,vx,vy,vx_comp,vy_comp,x_rms,y_rms,vx_rms,vy_rms,rcs,pdh0,dyn_prop,ambig_state,valid_state
3.799999952316284,-12.100000381469727,0.0,0.0,4.285012245178223,-13.644380569458008,0.005,0.005,0.005,0.005,10.0,6.0,4.0,0.0,7.0
10.600000381469727,10.699999809265137,15.0,0.0,0.1739223599433899,0.17556312680244446,0.616,0.616,0.478,0.011,-5.0,1.0,0.0,1.0,0.0
8.600000381469727,15.100000381469727,0.0,0.0,-6.307126522064209,-11.074142456054688,0.005,0.005,0.005,0.005,1.5,6.0,4.0,0.0,7.0
23.200000762939453,-30.700000762939453,15.0,0.0,12.740619659423828,-16.85935401916504,0.794,0.794,0.616,0.011,3.5,1.0,0.0,1.0,0.0
