x,y,vx,vy,vx_comp,vy_comp,x_rms,y_rms,vx_rms,vy_rms,rcs,pdh0,dyn_prop,ambig_state,valid_state
3.799999952316284,-9.699999809265137,0.0,0.0,5.105454921722412,-13.032347679138184,0.005,0.005,0.005,0.005,10.5,6.0,4.0,0.0,7.0
7.800000190734863,7.5,14.75,0.0,0.42348146438598633,0.40719372034072876,0.794,0.794,0.478,0.011,-5.0,1.0,0.0,1.0,0.0
8.199999809265137,13.699999809265137,25.5,0.0,0.2661097049713135,0.444597989320755,0.794,0.794,1.317,0.011,-0.5,1.0,0.0,1.0,16.0
9.0,19.5,0.0,0.0,-5.597192764282227,-12.127254486083984,0.005,0.005,0.005,0.005,3.0,6.0,4.0,0.0,7.0
30.200000762939453,-24.899999618530273,-12.5,0.0,0.089079350233078,-0.07344622164964676,0.794,0.794,0.371,0.011,4.5,1.0,2.0,1.0,0.0
30.799999237060547,-34.099998474121094,-16.5,0.0,0.16022762656211853,-0.17739485204219818,1.023,1.023,0.616,0.011,1.5,1.0,2.0,1.0,0.0
34.599998474121094,-36.900001525878906,-16.25,0.0,0.00060197280254215,-0.0006419883575290442,1.023,1.023,0.478,0.011,3.5,1.0,2.0,1.0,0.0
