x,y,vx,vy,vx_comp,vy_comp,x_rms,y_rms,vx_rms,vy_rms,rcs,pdh0,dyn_prop,ambig_state,valid_state
2.799999952316284,-0.10000000149011612,-0.5,0.25,0.4116668999195099,-0.01470238994807005,0.616,0.616,0.288,0.011,-0.5,1.0,1.0,3.0,0.0
18.399999618530273,-11.100000381469727,-9.25,0.0,0.11872725933790207,-0.07162351906299591,0.616,0.616,0.371,0.011,-5.0,3.0,2.0,1.0,4.0
32.79999923706055,-18.100000381469727,-8.5,0.0,0.10922791808843613,-0.06027517095208168,0.794,0.794,0.371,0.011,-2.0,3.0,2.0,1.0,4.0
33.0,-17.899999618530273,-4.25,0.0,3.2851991653442383,-1.7819715738296509,0.794,0.794,0.288,0.011,-3.0,3.0,2.0,1.0,4.0
33.20000076293945,-17.5,-8.0,0.0,0.2133680135011673,-0.11246807128190994,0.794,0.794,0.371,0.011,-2.5,3.0,2.0,1.0,4.0
36.79999923706055,-24.899999618530273,-10.25,0.0,0.17806188762187958,-0.12048208713531494,1.023,1.023,0.371,0.011,-4.0,3.0,2.0,1.0,4.0
