x,y,vx,vy,vx_comp,vy_comp,x_rms,y_rms,vx_rms,vy_rms,rcs,pdh0,dyn_prop,ambig_state,valid_state
3.200000047683716,10.899999618530273,0.0,0.0,-2.204846143722534,-7.510255336761475,0.005,0.005,0.005,0.005,-0.5,6.0,4.0,0.0,7.0
