x,y,vx,vy,vx_comp,vy_comp,x_rms,y_rms,vx_rms,vy_rms,rcs,pdh0,dyn_prop,ambig_state,valid_state
4.800000190734863,8.300000190734863,2.5,0.0,-3.0226919651031494,-5.226738929748535,0.794,1.023,0.616,0.011,-4.5,1.0,0.0,1.0,0.0
