x,y,vx,vy,vx_comp,vy_comp,x_rms,y_rms,vx_rms,vy_rms,rcs,pdh0,dyn_prop,ambig_state,valid_state
3.799999952316284,5.699999809265137,7.75,0.0,0.0040116445161402225,0.0060174670070409775,0.616,0.794,0.616,0.011,-4.5,1.0,6.0,3.0,0.0
6.800000190734863,3.700000047683716,2.25,0.0,0.22328484058380127,0.12149322032928467,0.616,0.616,0.288,0.011,-3.5,1.0,1.0,2.0,0.0
8.0,1.7000000476837158,1.5,-5.5,0.35840708017349243,0.07616150379180908,0.794,0.794,0.288,0.011,-4.0,1.0,0.0,3.0,0.0
9.0,-0.10000000149011612,-1.0,0.0,0.3945644199848175,-0.004384049214422703,0.794,0.616,0.288,0.011,-5.0,1.0,5.0,3.0,0.0
10.800000190734863,-3.700000047683716,-3.0,0.0,0.3559611439704895,-0.12194964289665222,0.616,0.616,0.288,0.011,-4.0,1.0,6.0,3.0,0.0
5.800000190734863,-11.5,0.0,0.0,2.698903799057007,-5.351273536682129,0.005,0.005,0.005,0.005,1.5,6.0,4.0,0.0,7.0
12.399999618530273,-7.099999904632568,-4.25,0.0,0.4048261046409607,-0.23179559409618378,0.616,0.616,0.288,0.011,-3.0,1.0,6.0,3.0,0.0
9.399999618530273,15.100000381469727,8.25,0.0,-0.03626067563891411,-0.05824854224920273,0.794,0.794,0.616,0.011,-1.5,1.0,0.0,1.0,0.0
