x,y,vx,vy,vx_comp,vy_comp,x_rms,y_rms,vx_rms,vy_rms,rcs,pdh0,dyn_prop,ambig_state,valid_state
0.4000000059604645,1.5,0.0,0.0,-2.5648398399353027,-9.618147850036621,0.005,0.005,0.005,0.005,1.5,6.0,4.0,0.0,7.0
