x,y,vx,vy,vx_comp,vy_comp,x_rms,y_rms,vx_rms,vy_rms,rcs,pdh0,dyn_prop,ambig_state,valid_state
1.7999999523162842,-5.5,0.0,0.0,3.1252806186676025,-9.549467086791992,0.005,0.005,0.005,0.005,0.5,6.0,4.0,0.0,7.0
