x,y,vx,vy,vx_comp,vy_comp,x_rms,y_rms,vx_rms,vy_rms,rcs,pdh0,dyn_prop,ambig_state,valid_state
0.800000011920929,3.0999999046325684,0.0,0.0,-2.5786149501800537,-9.992134094238281,0.005,0.005,0.005,0.005,3.5,6.0,4.0,0.0,7.0
