x,y,vx,vy,vx_comp,vy_comp,x_rms,y_rms,vx_rms,vy_rms,rcs,pdh0,dyn_prop,ambig_state,valid_state
35.599998474121094,-4.300000190734863,-1.5,0.0,0.11919697374105453,-0.014397387392818928,0.616,0.616,0.288,0.011,-2.5,3.0,2.0,2.0,4.0
41.20000076293945,-4.300000190734863,-1.25,0.0,0.18967992067337036,-0.019796691834926605,0.616,0.616,0.288,0.011,-1.0,3.0,2.0,1.0,4.0
41.0,5.5,-1.0,0.0,-2.1233222484588623,-0.28483590483665466,0.794,0.616,0.288,0.011,-3.0,6.0,1.0,0.0,3.0
