x,y,vx,vy,vx_comp,vy_comp,x_rms,y_rms,vx_rms,vy_rms,rcs,pdh0,dyn_prop,ambig_state,valid_state
5.800000190734863,-12.699999809265137,0.0,0.0,4.19548225402832,-9.18665885925293,0.005,0.005,0.005,0.005,-4.5,6.0,4.0,0.0,7.0
23.0,-24.700000762939453,-11.75,0.0,0.15364937484264374,-0.16500607132911682,0.794,0.794,0.478,0.011,-0.5,1.0,2.0,1.0,0.0
41.20000076293945,-3.0999999046325684,-1.0,-0.25,0.15184332430362701,-0.01142510399222374,0.616,0.616,0.288,0.011,-5.0,3.0,3.0,3.0,4.0
35.79999923706055,4.900000095367432,-1.0,0.0,-2.1509106159210205,-0.29439839720726013,0.794,0.616,0.288,0.011,-2.5,6.0,1.0,0.0,3.0
