x,y,vx,vy,vx_comp,vy_comp,x_rms,y_rms,vx_rms,vy_rms,rcs,pdh0,dyn_prop,ambig_state,valid_state
22.600000381469727,-23.700000762939453,-11.5,0.0,0.17913702130317688,-0.187856063246727,0.616,0.616,0.478,0.011,-1.0,1.0,2.0,2.0,0.0
