x,y,vx,vy,vx_comp,vy_comp,x_rms,y_rms,vx_rms,vy_rms,rcs,pdh0,dyn_prop,ambig_state,valid_state
22.799999237060547,-22.899999618530273,-11.0,0.0,0.21870025992393494,-0.2196594625711441,0.794,0.794,0.478,0.011,-2.5,3.0,6.0,3.0,4.0
