x,y,vx,vy,vx_comp,vy_comp,x_rms,y_rms,vx_rms,vy_rms,rcs,pdh0,dyn_prop,ambig_state,valid_state
7.400000095367432,-10.5,-16.0,0.0,0.03928321227431297,-0.055739689618349075,0.616,0.616,0.616,0.011,-3.0,1.0,2.0,1.0,0.0
23.0,-21.899999618530273,-10.75,0.0,0.0878322422504425,-0.08363157510757446,0.794,1.023,0.371,0.011,1.5,1.0,6.0,3.0,0.0
