x,y,vx,vy,vx_comp,vy_comp,x_rms,y_rms,vx_rms,vy_rms,rcs,pdh0,dyn_prop,ambig_state,valid_state
7.599999904632568,-3.0999999046325684,-4.5,0.0,0.32180988788604736,-0.1312645524740219,0.616,0.616,0.288,0.011,-3.0,1.0,2.0,1.0,0.0
7.599999904632568,-9.300000190734863,-14.25,0.0,-0.09339775890111923,0.11428936570882797,0.616,0.616,0.478,0.011,-4.5,1.0,2.0,1.0,0.0
