x,y,vx,vy,vx_comp,vy_comp,x_rms,y_rms,vx_rms,vy_rms,rcs,pdh0,dyn_prop,ambig_state,valid_state
7.599999904632568,-0.10000000149011612,-0.25,0.0,0.20877264440059662,-0.002747008576989174,0.616,0.616,0.288,0.011,8.0,1.0,3.0,3.0,0.0
7.599999904632568,-2.0999999046325684,-3.25,0.0,0.1547030210494995,-0.0427468866109848,0.616,0.616,0.288,0.011,-1.0,1.0,2.0,1.0,0.0
43.400001525878906,-36.900001525878906,-9.75,0.0,0.06785278767347336,-0.05769050121307373,1.023,1.023,0.371,0.011,-1.0,3.0,2.0,1.0,4.0
7.599999904632568,-0.10000000149011612,-0.25,0.0,0.20877264440059662,-0.002747008576989174,0.794,0.616,0.288,0.011,16.5,1.0,3.0,3.0,0.0
15.199999809265137,-0.10000000149011612,0.0,0.0,0.384849488735199,-0.0025319044943898916,0.005,0.005,0.005,0.005,4.0,6.0,4.0,0.0,14.0
25.0,-5.099999904632568,0.0,0.0,2.499709129333496,-0.5099406838417053,0.005,0.005,0.005,0.005,-1.0,6.0,4.0,0.0,7.0
29.600000381469727,-6.099999904632568,0.0,0.0,2.5200998783111572,-0.5193448662757874,0.005,0.005,0.005,0.005,-2.0,6.0,4.0,0.0,7.0
44.400001525878906,-2.0999999046325684,-0.5,0.25,0.329948753118515,-0.015605682507157326,1.023,0.616,0.288,0.011,-4.0,3.0,3.0,3.0,4.0
99.4000015258789,-4.900000095367432,-0.5,0.5,0.33949971199035645,-0.016735902056097984,1.023,1.697,0.288,0.011,-1.5,3.0,3.0,3.0,4.0
