x,y,vx,vy,vx_comp,vy_comp,x_rms,y_rms,vx_rms,vy_rms,rcs,pdh0,dyn_prop,ambig_state,valid_state
6.800000190734863,4.5,3.0,0.0,0.13668480515480042,0.09045317769050598,0.794,0.616,0.371,0.011,-4.0,1.0,6.0,3.0,0.0
7.599999904632568,2.9000000953674316,3.75,-5.5,0.49961090087890625,0.19064100086688995,0.616,0.794,0.288,0.011,-4.0,1.0,0.0,3.0,0.0
8.800000190734863,-0.30000001192092896,-1.0,0.0,0.47886186838150024,-0.016324836760759354,0.616,0.616,0.288,0.011,-5.0,1.0,5.0,3.0,0.0
3.200000047683716,8.699999809265137,0.0,0.0,-1.8427778482437134,-5.010052680969238,0.005,0.005,0.005,0.005,6.0,6.0,4.0,0.0,7.0
10.600000381469727,-3.700000047683716,-3.25,0.0,0.14973577857017517,-0.05226626247167587,0.616,0.616,0.288,0.011,-4.5,1.0,6.0,3.0,0.0
5.599999904632568,-12.100000381469727,0.0,0.0,2.56998348236084,-5.552999973297119,0.005,0.005,0.005,0.005,2.5,6.0,4.0,0.0,7.0
44.20000076293945,94.0999984741211,0.0,0.0,-2.138972282409668,-4.5537848472595215,0.005,0.005,0.005,0.005,26.5,6.0,4.0,0.0,7.0
