x,y,vx,vy,vx_comp,vy_comp,x_rms,y_rms,vx_rms,vy_rms,rcs,pdh0,dyn_prop,ambig_state,valid_state
7.199999809265137,0.10000000149011612,0.0,0.0,0.1673503816127777,0.002324311062693596,0.616,0.616,0.288,0.011,4.0,1.0,1.0,3.0,0.0
7.400000095367432,-0.10000000149011612,-0.25,0.0,0.23869487643241882,-0.003225606633350253,0.794,0.616,0.288,0.011,0.5,1.0,1.0,3.0,0.0
7.400000095367432,5.900000095367432,9.5,0.0,0.2935343384742737,0.23403412103652954,0.616,0.616,0.371,0.011,1.0,1.0,0.0,1.0,0.0
7.800000190734863,18.100000381469727,0.0,0.0,-4.210490703582764,-9.770496368408203,0.005,0.005,0.005,0.005,6.5,6.0,4.0,0.0,7.0
41.20000076293945,7.699999809265137,2.0,0.0,0.13383705914020538,0.025013234466314316,0.616,0.794,0.288,0.011,-5.0,3.0,0.0,1.0,4.0
44.20000076293945,8.899999618530273,2.25,0.0,0.2103566974401474,0.042356885969638824,0.616,0.616,0.288,0.011,-5.0,3.0,0.0,1.0,4.0
46.0,15.5,4.0,0.0,0.3400653600692749,0.11458724737167358,0.616,0.794,0.288,0.011,-2.5,3.0,0.0,1.0,4.0
45.0,30.299999237060547,8.0,0.0,0.29853883385658264,0.2010161429643631,0.794,0.794,0.371,0.011,-5.0,3.0,0.0,2.0,4.0
44.79999923706055,32.099998474121094,8.5,0.0,0.28244587779045105,0.20237749814987183,1.023,1.023,0.371,0.011,-4.5,3.0,0.0,1.0,4.0
