x,y,vx,vy,vx_comp,vy_comp,x_rms,y_rms,vx_rms,vy_rms,rcs,pdh0,dyn_prop,ambig_state,valid_state
9.800000190734863,-0.10000000149011612,-0.25,0.0,0.20764125883579254,-0.002118788193911314,0.616,0.616,0.288,0.011,8.0,1.0,1.0,3.0,0.0
9.800000190734863,1.899999976158142,2.25,0.0,0.26382729411125183,0.05115019157528877,0.794,0.794,0.288,0.011,8.0,1.0,0.0,3.0,0.0
13.199999809265137,13.899999618530273,13.0,0.0,0.3685927391052246,0.3881393074989319,0.616,0.616,0.478,0.011,0.0,1.0,0.0,2.0,0.0
12.800000190734863,17.899999618530273,16.75,0.0,0.138014554977417,0.19300474226474762,0.616,0.616,0.478,0.011,9.0,1.0,0.0,1.0,0.0
9.800000190734863,-2.0999999046325684,0.0,0.0,2.764634132385254,-0.5924215316772461,0.005,0.005,0.005,0.005,-5.0,6.0,4.0,0.0,7.0
