x,y,vx,vy,vx_comp,vy_comp,x_rms,y_rms,vx_rms,vy_rms,rcs,pdh0,dyn_prop,ambig_state,valid_state
4.199999809265137,6.5,8.25,0.0,-0.024517346173524857,-0.037943512201309204,0.794,0.794,0.616,0.011,-0.5,1.0,6.0,3.0,0.0
7.800000190734863,2.700000047683716,3.5,-5.5,0.6501243710517883,0.22504304349422455,1.023,0.794,0.288,0.011,-2.5,1.0,0.0,3.0,0.0
7.0,4.699999809265137,3.0,0.0,0.0763905867934227,0.05129081755876541,0.616,0.616,0.371,0.011,-0.5,1.0,6.0,3.0,0.0
9.0,-0.10000000149011612,-1.25,0.0,0.10166508704423904,-0.0011296120937913656,0.616,0.616,0.288,0.011,-5.0,1.0,6.0,3.0,0.0
9.800000190734863,-2.299999952316284,-2.5,0.0,0.22829791903495789,-0.05358012020587921,0.616,0.616,0.288,0.011,-3.5,1.0,6.0,3.0,0.0
10.199999809265137,-2.700000047683716,-2.75,0.0,0.16573475301265717,-0.043870970606803894,0.616,0.616,0.288,0.011,-3.5,1.0,6.0,3.0,0.0
10.399999618530273,-3.5,-3.25,0.0,0.11108621954917908,-0.03738478571176529,0.794,0.616,0.288,0.011,-5.0,1.0,6.0,3.0,0.0
25.600000381469727,46.29999923706055,0.0,0.0,-2.3307743072509766,-4.215423107147217,0.005,0.005,0.005,0.005,15.5,6.0,4.0,0.0,7.0
