x,y,vx,vy,vx_comp,vy_comp,x_rms,y_rms,vx_rms,vy_rms,rcs,pdh0,dyn_prop,ambig_state,valid_state
9.0,4.300000190734863,44.5,0.0,31.85523796081543,15.219724655151367,0.616,0.616,0.371,0.011,0.0,1.0,0.0,2.0,0.0
9.600000381469727,4.5,5.5,0.0,0.19255474209785461,0.09026002138853073,0.616,0.616,0.288,0.011,7.0,1.0,0.0,1.0,16.0
9.800000190734863,4.300000190734863,5.0,0.0,0.07830958068370819,0.03436032682657242,0.616,0.616,0.288,0.011,2.5,1.0,0.0,1.0,0.0
7.599999904632568,16.899999618530273,0.0,0.0,-4.416614532470703,-9.821155548095703,0.005,0.005,0.005,0.005,-2.0,6.0,4.0,0.0,7.0
13.199999809265137,14.699999809265137,13.75,0.0,0.3443596065044403,0.3834913969039917,0.616,0.616,0.478,0.011,-1.0,3.0,0.0,3.0,10.0
