x,y,vx,vy,vx_comp,vy_comp,x_rms,y_rms,vx_rms,vy_rms,rcs,pdh0,dyn_prop,ambig_state,valid_state
7.0,12.100000381469727,20.5,0.0,0.02995014190673828,0.05177095904946327,0.616,0.616,0.794,0.011,-2.5,1.0,0.0,1.0,0.0
13.0,19.700000762939453,18.25,0.0,0.12893253564834595,0.19538238644599915,0.794,0.794,0.794,0.011,0.0,1.0,0.0,1.0,0.0
