x,y,vx,vy,vx_comp,vy_comp,x_rms,y_rms,vx_rms,vy_rms,rcs,pdh0,dyn_prop,ambig_state,valid_state
9.600000381469727,6.900000095367432,8.75,0.0,0.29206907749176025,0.20992465317249298,0.616,0.616,0.371,0.011,0.0,1.0,0.0,1.0,0.0
