x,y,vx,vy,vx_comp,vy_comp,x_rms,y_rms,vx_rms,vy_rms,rcs,pdh0,dyn_prop,ambig_state,valid_state
9.600000381469727,7.900000095367432,10.0,0.0,0.2552564740180969,0.21005478501319885,0.616,0.616,0.371,0.011,1.0,1.0,0.0,1.0,0.0
