x,y,vx,vy,vx_comp,vy_comp,x_rms,y_rms,vx_rms,vy_rms,rcs,pdh0,dyn_prop,ambig_state,valid_state
9.600000381469727,8.699999809265137,11.25,0.0,0.3588831424713135,0.32523781061172485,0.616,0.616,0.371,0.011,2.5,1.0,0.0,1.0,0.0
