x,y,vx,vy,vx_comp,vy_comp,x_rms,y_rms,vx_rms,vy_rms,rcs,pdh0,dyn_prop,ambig_state,valid_state
9.600000381469727,11.300000190734863,14.5,0.0,0.23297740519046783,0.27423378825187683,0.616,0.616,0.478,0.011,2.5,3.0,0.0,1.0,10.0
