x,y,vx,vy,vx_comp,vy_comp,x_rms,y_rms,vx_rms,vy_rms,rcs,pdh0,dyn_prop,ambig_state,valid_state
22.200000762939453,0.8999999761581421,0.5,0.0,0.3518895208835602,0.014265790581703186,0.616,0.616,0.288,0.011,-4.5,3.0,3.0,3.0,4.0
22.399999618530273,1.2999999523162842,0.5,0.0,0.13968457281589508,0.008106693625450134,0.616,0.616,0.288,0.011,-4.0,3.0,0.0,1.0,4.0
