x,y,vx,vy,vx_comp,vy_comp,x_rms,y_rms,vx_rms,vy_rms,rcs,pdh0,dyn_prop,ambig_state,valid_state
3.799999952316284,2.0999999046325684,2.25,0.0,0.03315141424536705,0.018320517614483833,0.616,0.616,0.288,0.011,-4.5,1.0,6.0,3.0,0.0
4.199999809265137,6.900000095367432,8.5,0.0,-0.14931797981262207,-0.24530814588069916,0.616,0.794,0.616,0.011,12.5,1.0,6.0,3.0,0.0
9.399999618530273,-1.2999999523162842,-2.0,0.0,0.1291961818933487,-0.01786755584180355,0.616,0.616,0.288,0.011,-5.0,1.0,6.0,3.0,0.0
5.599999904632568,-12.300000190734863,0.0,0.0,2.584827184677124,-5.6773881912231445,0.005,0.005,0.005,0.005,2.0,6.0,4.0,0.0,7.0
12.199999809265137,17.100000381469727,8.0,0.0,0.155940443277359,0.21857225894927979,0.794,1.023,0.616,0.011,-4.5,3.0,1.0,1.0,4.0
8.600000381469727,0.5,-0.5,-5.75,0.0637061595916748,0.003703846363350749,1.023,0.616,0.288,0.011,-4.5,1.0,5.0,3.0,0.0
