x,y,vx,vy,vx_comp,vy_comp,x_rms,y_rms,vx_rms,vy_rms,rcs,pdh0,dyn_prop,ambig_state,valid_state
10.0,14.300000190734863,18.75,0.0,0.5579739809036255,0.7979028224945068,0.616,0.794,0.616,0.011,-3.0,1.0,0.0,2.0,0.0
9.600000381469727,0.10000000149011612,0.0,0.0,0.2240157574415207,0.0023334973957389593,1.023,0.616,0.288,0.011,-1.0,3.0,1.0,3.0,0.0
