x,y,vx,vy,vx_comp,vy_comp,x_rms,y_rms,vx_rms,vy_rms,rcs,pdh0,dyn_prop,ambig_state,valid_state
9.600000381469727,-0.10000000149011612,-0.25,0.0,0.23271456360816956,-0.0024241097271442413,0.616,0.616,0.288,0.011,1.5,1.0,1.0,3.0,0.0
