x,y,vx,vy,vx_comp,vy_comp,x_rms,y_rms,vx_rms,vy_rms,rcs,pdh0,dyn_prop,ambig_state,valid_state
9.399999618530273,15.899999618530273,20.75,0.0,0.14254935085773468,0.24112066626548767,0.794,0.794,1.023,0.011,-1.0,1.0,0.0,1.0,0.0
