x,y,vx,vy,vx_comp,vy_comp,x_rms,y_rms,vx_rms,vy_rms,rcs,pdh0,dyn_prop,ambig_state,valid_state
9.199999809265137,16.899999618530273,0.0,0.0,-5.0313568115234375,-9.242383003234863,0.005,0.005,0.005,0.005,-1.5,6.0,4.0,0.0,7.0
68.19999694824219,-14.899999618530273,-2.75,0.0,0.23603250086307526,-0.05156721919775009,0.794,1.023,0.288,0.011,-2.5,3.0,2.0,1.0,4.0
