x,y,vx,vy,vx_comp,vy_comp,x_rms,y_rms,vx_rms,vy_rms,rcs,pdh0,dyn_prop,ambig_state,valid_state
24.600000381469727,-12.300000190734863,-6.5,0.0,-0.02032160758972168,0.01016080379486084,0.616,0.616,0.288,0.011,-4.5,3.0,2.0,1.0,4.0
