x,y,vx,vy,vx_comp,vy_comp,x_rms,y_rms,vx_rms,vy_rms,rcs,pdh0,dyn_prop,ambig_state,valid_state
8.600000381469727,-25.100000381469727,0.0,0.0,3.7892673015594482,-11.059370040893555,0.005,0.005,0.005,0.005,10.5,6.0,4.0,0.0,7.0
39.0,3.700000047683716,1.0,0.0,0.20630986988544464,0.019572988152503967,0.616,0.616,0.288,0.011,-2.5,3.0,0.0,1.0,4.0
