x,y,vx,vy,vx_comp,vy_comp,x_rms,y_rms,vx_rms,vy_rms,rcs,pdh0,dyn_prop,ambig_state,valid_state
15.600000381469727,2.0999999046325684,1.75,0.0,0.36843979358673096,0.049597661942243576,0.616,0.616,0.288,0.011,1.0,1.0,0.0,3.0,0.0
52.599998474121094,24.299999237060547,6.0,0.0,0.45418667793273926,0.209823876619339,0.616,0.794,0.288,0.011,5.5,1.0,0.0,1.0,0.0
55.0,42.5,9.75,0.0,0.27165165543556213,0.20991262793540955,0.794,1.023,0.371,0.011,4.5,1.0,0.0,1.0,0.0
