x,y,vx,vy,vx_comp,vy_comp,x_rms,y_rms,vx_rms,vy_rms,rcs,pdh0,dyn_prop,ambig_state,valid_state
16.200000762939453,1.100000023841858,0.75,0.5,0.24614523351192474,0.016713563352823257,0.616,0.616,0.288,0.011,0.5,1.0,0.0,3.0,0.0
15.800000190734863,-2.9000000953674316,0.0,0.0,2.5408153533935547,-0.4663521945476532,0.005,0.005,0.005,0.005,2.0,6.0,4.0,0.0,7.0
16.0,-2.9000000953674316,0.0,0.0,2.5149312019348145,-0.45583128929138184,0.005,0.005,0.005,0.005,3.0,6.0,4.0,0.0,7.0
16.200000762939453,-2.700000047683716,0.0,0.0,2.3488519191741943,-0.39147526025772095,0.005,0.005,0.005,0.005,-2.0,6.0,4.0,0.0,7.0
