x,y,vx,vy,vx_comp,vy_comp,x_rms,y_rms,vx_rms,vy_rms,rcs,pdh0,dyn_prop,ambig_state,valid_state
2.799999952316284,10.5,0.0,0.0,-3.1107399463653564,-11.66527271270752,0.005,0.005,0.005,0.005,8.5,6.0,4.0,0.0,7.0
16.200000762939453,0.699999988079071,0.5,0.5,0.30512017011642456,0.013184202834963799,0.616,0.616,0.288,0.011,4.5,1.0,0.0,3.0,0.0
16.0,-2.9000000953674316,0.0,0.0,2.525324583053589,-0.45771512389183044,0.005,0.005,0.005,0.005,3.5,6.0,4.0,0.0,7.0
