x,y,vx,vy,vx_comp,vy_comp,x_rms,y_rms,vx_rms,vy_rms,rcs,pdh0,dyn_prop,ambig_state,valid_state
9.800000190734863,18.5,0.0,0.0,-4.832208156585693,-9.122025489807129,0.005,0.005,0.005,0.005,6.5,6.0,4.0,0.0,7.0
13.0,18.5,17.0,0.0,0.151245579123497,0.21523408591747284,0.794,0.794,0.616,0.011,7.5,1.0,0.0,1.0,0.0
16.600000381469727,18.299999237060547,13.0,0.0,0.1172923818230629,0.12930424511432648,0.616,0.616,0.478,0.011,4.5,1.0,0.0,1.0,0.0
17.0,19.5,13.75,0.0,0.20745474100112915,0.2379627823829651,0.794,0.794,0.478,0.011,-4.5,3.0,0.0,1.0,4.0
17.600000381469727,20.899999618530273,14.75,0.0,0.4152771234512329,0.4931415617465973,0.794,0.794,0.478,0.011,-1.0,3.0,0.0,2.0,10.0
20.0,23.899999618530273,15.25,0.0,0.5815229415893555,0.6949198246002197,0.616,0.616,0.478,0.011,9.0,3.0,0.0,1.0,10.0
24.799999237060547,-20.700000762939453,1.0,0.0,6.618048667907715,-5.5239362716674805,0.794,0.794,0.371,0.011,-3.5,3.0,0.0,1.0,4.0
44.400001525878906,24.299999237060547,6.5,0.0,0.2632139027118683,0.1440562605857849,0.794,0.794,0.288,0.011,1.0,1.0,0.0,1.0,0.0
