x,y,vx,vy,vx_comp,vy_comp,x_rms,y_rms,vx_rms,vy_rms,rcs,pdh0,dyn_prop,ambig_state,valid_state
16.200000762939453,0.8999999761581421,0.5,0.5,0.1639121025800705,0.009106227196753025,0.616,0.616,0.288,0.011,6.5,1.0,0.0,3.0,0.0
62.20000076293945,-57.900001525878906,-12.0,0.0,0.028497198596596718,-0.02652713470160961,1.317,1.317,0.478,0.011,7.0,1.0,2.0,1.0,0.0
16.200000762939453,-2.700000047683716,0.0,0.0,2.368069648742676,-0.3946782350540161,0.005,0.005,0.005,0.005,-1.5,6.0,4.0,0.0,7.0
16.399999618530273,-2.9000000953674316,0.0,0.0,2.4840965270996094,-0.4392610192298889,0.005,0.005,0.005,0.005,-1.0,6.0,4.0,0.0,7.0
