x,y,vx,vy,vx_comp,vy_comp,x_rms,y_rms,vx_rms,vy_rms,rcs,pdh0,dyn_prop,ambig_state,valid_state
9.800000190734863,20.299999237060547,0.0,0.0,-4.581362724304199,-9.489967346191406,0.005,0.005,0.005,0.005,6.5,6.0,4.0,0.0,7.0
13.600000381469727,20.299999237060547,18.75,0.0,0.42477715015411377,0.6340423226356506,1.023,1.023,0.794,0.011,0.5,1.0,0.0,3.0,0.0
14.0,21.700000762939453,19.75,0.0,0.4970961809158325,0.7704991698265076,0.794,0.794,0.794,0.011,0.0,1.0,0.0,2.0,0.0
17.200000762939453,19.899999618530273,14.25,0.0,0.36342284083366394,0.42047175765037537,0.616,0.616,0.478,0.011,4.5,3.0,0.0,3.0,10.0
17.399999618530273,21.299999237060547,15.25,0.0,0.421783983707428,0.5163217782974243,0.794,0.794,0.616,0.011,2.0,1.0,0.0,1.0,0.0
18.200000762939453,22.299999237060547,15.5,0.0,0.5158750414848328,0.6320886611938477,0.794,0.794,0.616,0.011,-3.5,3.0,0.0,2.0,4.0
12.399999618530273,32.5,0.0,0.0,-3.9078691005706787,-10.242401123046875,0.005,0.005,0.005,0.005,15.5,6.0,4.0,0.0,7.0
