x,y,vx,vy,vx_comp,vy_comp,x_rms,y_rms,vx_rms,vy_rms,rcs,pdh0,dyn_prop,ambig_state,valid_state
8.199999809265137,8.899999618530273,14.0,0.0,0.668777346611023,0.7258681058883667,0.616,0.616,0.478,0.011,-3.5,3.0,0.0,2.0,10.0
9.800000190734863,21.100000381469727,0.0,0.0,-4.4707255363464355,-9.625744819641113,0.005,0.005,0.005,0.005,3.5,6.0,4.0,0.0,7.0
13.199999809265137,20.899999618530273,19.25,0.0,0.2297474443912506,0.36376672983169556,0.794,0.794,0.794,0.011,4.5,1.0,0.0,1.0,0.0
13.399999618530273,22.5,20.5,0.0,0.24109217524528503,0.40481898188591003,0.794,0.794,1.023,0.011,5.0,1.0,0.0,1.0,16.0
16.600000381469727,20.700000762939453,15.0,0.0,0.2118968814611435,0.2642328441143036,0.616,0.616,0.616,0.011,6.0,1.0,0.0,1.0,0.0
