x,y,vx,vy,vx_comp,vy_comp,x_rms,y_rms,vx_rms,vy_rms,rcs,pdh0,dyn_prop,ambig_state,valid_state
7.199999809265137,4.300000190734863,7.0,0.0,0.1811210662126541,0.10816953331232071,0.616,0.616,0.371,0.011,-1.5,1.0,0.0,1.0,0.0
7.199999809265137,7.300000190734863,12.25,0.0,0.2763826847076416,0.2802213430404663,0.616,0.616,0.478,0.011,-3.5,1.0,0.0,1.0,0.0
8.0,10.5,17.0,0.0,0.6514170169830322,0.8549848198890686,0.616,0.616,0.616,0.011,-0.5,1.0,0.0,1.0,0.0
6.599999904632568,-11.100000381469727,-20.0,0.0,0.06266558915376663,-0.10539212822914124,0.616,0.616,1.023,0.011,-4.0,1.0,2.0,1.0,16.0
13.600000381469727,22.100000381469727,20.5,0.0,0.43183958530426025,0.7017393112182617,0.794,0.616,0.794,0.011,3.5,1.0,0.0,2.0,0.0
13.399999618530273,23.299999237060547,0.0,0.0,-5.039414882659912,-8.762564659118652,0.005,0.005,0.005,0.005,3.0,6.0,4.0,0.0,7.0
