x,y,vx,vy,vx_comp,vy_comp,x_rms,y_rms,vx_rms,vy_rms,rcs,pdh0,dyn_prop,ambig_state,valid_state
7.199999809265137,5.099999904632568,8.5,0.0,0.2878062129020691,0.203862726688385,0.616,0.616,0.371,0.011,-3.5,1.0,0.0,1.0,0.0
7.199999809265137,8.100000381469727,13.75,0.0,0.3302420377731323,0.37152233719825745,0.616,0.616,0.478,0.011,-4.0,1.0,0.0,1.0,0.0
9.600000381469727,23.100000381469727,0.0,0.0,-4.149291515350342,-9.984230995178223,0.005,0.005,0.005,0.005,4.0,6.0,4.0,0.0,7.0
11.399999618530273,-23.700000762939453,0.0,0.0,4.685827732086182,-9.74159049987793,0.005,0.005,0.005,0.005,6.5,6.0,4.0,0.0,7.0
13.199999809265137,24.299999237060547,0.0,0.0,-4.893955230712891,-9.009325981140137,0.005,0.005,0.005,0.005,3.0,6.0,4.0,0.0,7.0
12.399999618530273,35.099998474121094,0.0,0.0,-3.6836812496185303,-10.427194595336914,0.005,0.005,0.005,0.005,16.0,6.0,4.0,0.0,7.0
