x,y,vx,vy,vx_comp,vy_comp,x_rms,y_rms,vx_rms,vy_rms,rcs,pdh0,dyn_prop,ambig_state,valid_state
7.199999809265137,0.10000000149011612,0.0,0.0,0.16298452019691467,0.002263674046844244,0.616,0.616,0.288,0.011,3.0,1.0,1.0,3.0,0.0
10.0,23.700000762939453,0.0,0.0,-4.1919989585876465,-9.935039520263672,0.005,0.005,0.005,0.005,2.5,6.0,4.0,0.0,7.0
