x,y,vx,vy,vx_comp,vy_comp,x_rms,y_rms,vx_rms,vy_rms,rcs,pdh0,dyn_prop,ambig_state,valid_state
16.200000762939453,-12.699999809265137,-9.75,0.0,-0.09056061506271362,0.0709950402379036,0.616,0.616,0.371,0.011,-4.5,3.0,2.0,1.0,4.0
9.199999809265137,24.899999618530273,0.0,0.0,-3.814899206161499,-10.32511043548584,0.005,0.005,0.005,0.005,5.5,6.0,4.0,0.0,7.0
