x,y,vx,vy,vx_comp,vy_comp,x_rms,y_rms,vx_rms,vy_rms,rcs,pdh0,dyn_prop,ambig_state,valid_state
1.0,3.700000047683716,0.0,0.0,-2.9650380611419678,-10.970638275146484,0.005,0.005,0.005,0.005,9.0,6.0,4.0,0.0,7.0
7.0,-1.2999999523162842,-2.25,0.0,0.25859686732292175,-0.04802513122558594,0.616,0.616,0.288,0.011,-4.0,1.0,2.0,2.0,0.0
7.0,0.10000000149011612,0.0,0.0,0.14603446424007416,0.002086206804960966,1.023,0.616,0.288,0.011,-1.5,6.0,1.0,3.0,8.0
