x,y,vx,vy,vx_comp,vy_comp,x_rms,y_rms,vx_rms,vy_rms,rcs,pdh0,dyn_prop,ambig_state,valid_state
7.199999809265137,13.300000190734863,0.0,0.0,-4.890356540679932,-9.033576011657715,0.005,0.005,0.005,0.005,-4.5,6.0,4.0,0.0,7.0
9.399999618530273,26.700000762939453,0.0,0.0,-3.67777419090271,-10.446446418762207,0.005,0.005,0.005,0.005,6.0,6.0,4.0,0.0,7.0
