x,y,vx,vy,vx_comp,vy_comp,x_rms,y_rms,vx_rms,vy_rms,rcs,pdh0,dyn_prop,ambig_state,valid_state
8.0,12.5,20.75,0.0,0.7377830147743225,1.1527857780456543,0.616,0.616,0.794,0.011,0.5,1.0,0.0,2.0,0.0
7.599999904632568,15.100000381469727,0.0,0.0,-4.69795560836792,-9.334096908569336,0.005,0.005,0.005,0.005,-2.5,6.0,4.0,0.0,7.0
13.399999618530273,28.700000762939453,0.0,0.0,-4.488936424255371,-9.614364624023438,0.005,0.005,0.005,0.005,6.0,6.0,4.0,0.0,7.0
35.599998474121094,-12.899999618530273,-4.5,0.0,0.10274545103311539,-0.03723079338669777,0.794,0.794,0.288,0.011,-4.0,3.0,2.0,1.0,4.0
