x,y,vx,vy,vx_comp,vy_comp,x_rms,y_rms,vx_rms,vy_rms,rcs,pdh0,dyn_prop,ambig_state,valid_state
16.399999618530273,0.8999999761581421,0.5,0.5,0.16715358197689056,0.00917306262999773,0.616,0.616,0.288,0.011,2.5,1.0,0.0,3.0,0.0
75.0,-31.899999618530273,-5.75,0.0,-0.051438041031360626,0.021878313273191452,1.023,1.317,0.288,0.011,0.5,1.0,2.0,1.0,0.0
16.0,-3.0999999046325684,0.0,0.0,2.6717934608459473,-0.5176599025726318,0.005,0.005,0.005,0.005,1.0,6.0,4.0,0.0,7.0
16.200000762939453,-2.9000000953674316,0.0,0.0,2.5061352252960205,-0.44862914085388184,0.005,0.005,0.005,0.005,-2.5,6.0,4.0,0.0,7.0
