x,y,vx,vy,vx_comp,vy_comp,x_rms,y_rms,vx_rms,vy_rms,rcs,pdh0,dyn_prop,ambig_state,valid_state
36.0,-8.300000190734863,-2.75,0.0,0.28737565875053406,-0.06625606119632721,0.616,0.616,0.288,0.011,-3.5,3.0,2.0,1.0,4.0
