x,y,vx,vy,vx_comp,vy_comp,x_rms,y_rms,vx_rms,vy_rms,rcs,pdh0,dyn_prop,ambig_state,valid_state
7.400000095367432,14.5,0.0,0.0,-4.73575496673584,-9.279519081115723,0.005,0.005,0.005,0.005,-1.0,6.0,4.0,0.0,7.0
6.800000190734863,-0.30000001192092896,-0.5,0.0,0.3310995101928711,-0.014607332646846771,1.023,0.616,0.288,0.011,5.0,1.0,1.0,3.0,0.0
101.0,18.100000381469727,0.0,0.0,-1.7590572834014893,-0.31523698568344116,0.005,0.005,0.005,0.005,-3.0,6.0,4.0,0.0,7.0
128.8000030517578,-6.300000190734863,-0.5,1.25,0.32666561007499695,-0.015978209674358368,1.317,3.63,0.288,0.011,-4.0,3.0,3.0,3.0,4.0
150.0,-19.5,-1.5,0.0,0.3439773917198181,-0.044717058539390564,1.317,4.676,0.288,0.011,-2.5,3.0,2.0,1.0,4.0
154.39999389648438,-16.700000762939453,-1.5,0.0,0.08985623717308044,-0.009718907065689564,1.317,3.63,0.288,0.011,-0.5,3.0,2.0,1.0,4.0
209.39999389648438,-10.899999618530273,-0.75,2.0,0.07151438295841217,-0.003722572699189186,1.317,6.025,0.288,0.011,1.0,1.0,3.0,3.0,0.0
