x,y,vx,vy,vx_comp,vy_comp,x_rms,y_rms,vx_rms,vy_rms,rcs,pdh0,dyn_prop,ambig_state,valid_state
54.79999923706055,5.5,1.0,0.0,0.13290411233901978,0.01333891786634922,0.616,0.794,0.288,0.011,-5.0,3.0,0.0,1.0,4.0
70.4000015258789,11.5,0.0,0.0,-1.5693649053573608,-0.2563593089580536,0.005,0.005,0.005,0.005,-2.5,6.0,4.0,0.0,7.0
