x,y,vx,vy,vx_comp,vy_comp,x_rms,y_rms,vx_rms,vy_rms,rcs,pdh0,dyn_prop,ambig_state,valid_state
7.599999904632568,19.899999618530273,0.0,0.0,-3.903785228729248,-10.221752166748047,0.005,0.005,0.005,0.005,2.5,6.0,4.0,0.0,7.0
37.0,10.699999809265137,3.5,0.0,0.37505534291267395,0.10846195369958878,0.616,0.616,0.288,0.011,-5.0,3.0,0.0,1.0,4.0
40.20000076293945,10.699999809265137,3.0,0.0,0.16710986196994781,0.04447948560118675,0.794,0.794,0.288,0.011,-4.5,3.0,0.0,1.0,11.0
40.599998474121094,10.5,3.25,0.0,0.48581841588020325,0.12564270198345184,0.616,0.794,0.288,0.011,-3.0,3.0,0.0,1.0,4.0
