x,y,vx,vy,vx_comp,vy_comp,x_rms,y_rms,vx_rms,vy_rms,rcs,pdh0,dyn_prop,ambig_state,valid_state
6.599999904632568,19.700000762939453,0.0,0.0,-3.5257914066314697,-10.523956298828125,0.005,0.005,0.005,0.005,4.5,6.0,4.0,0.0,7.0
35.20000076293945,-19.899999618530273,-6.75,0.0,0.1878127157688141,-0.10617820918560028,0.616,0.616,0.371,0.011,-4.0,3.0,2.0,1.0,4.0
40.79999923706055,-22.700000762939453,-6.75,0.0,0.10836000740528107,-0.06028853356838226,0.616,0.616,0.288,0.011,7.0,1.0,2.0,1.0,0.0
