x,y,vx,vy,vx_comp,vy_comp,x_rms,y_rms,vx_rms,vy_rms,rcs,pdh0,dyn_prop,ambig_state,valid_state
47.599998474121094,-8.699999809265137,-2.25,0.0,0.2289610207080841,-0.041847918182611465,0.616,0.616,0.288,0.011,7.0,1.0,2.0,1.0,0.0
