x,y,vx,vy,vx_comp,vy_comp,x_rms,y_rms,vx_rms,vy_rms,rcs,pdh0,dyn_prop,ambig_state,valid_state
6.599999904632568,0.30000001192092896,0.5,0.0,0.29636916518211365,0.013471325859427452,0.616,0.616,0.288,0.011,-2.5,1.0,1.0,3.0,0.0
96.19999694824219,14.300000190734863,1.75,0.0,0.3216726779937744,0.047816213220357895,0.794,1.317,0.288,0.011,-0.5,3.0,0.0,1.0,4.0
99.4000015258789,13.699999809265137,1.75,0.0,0.44801926612854004,0.061749137938022614,0.794,1.317,0.288,0.011,1.5,1.0,0.0,1.0,15.0
