x,y,vx,vy,vx_comp,vy_comp,x_rms,y_rms,vx_rms,vy_rms,rcs,pdh0,dyn_prop,ambig_state,valid_state
4.199999809265137,-11.100000381469727,0.0,0.0,4.215697288513184,-11.141486167907715,0.005,0.005,0.005,0.005,1.0,6.0,4.0,0.0,7.0
16.399999618530273,0.8999999761581421,0.75,0.25,0.3989855647087097,0.021895548328757286,0.616,0.616,0.288,0.011,0.0,1.0,0.0,3.0,0.0
16.399999618530273,0.5,0.25,0.25,0.20151875913143158,0.006143864709883928,0.616,0.616,0.288,0.011,-4.0,1.0,1.0,3.0,0.0
16.200000762939453,-2.700000047683716,0.0,0.0,2.364957571029663,-0.39415955543518066,0.005,0.005,0.005,0.005,-2.0,6.0,4.0,0.0,7.0
16.200000762939453,-2.9000000953674316,0.0,0.0,2.5060508251190186,-0.4486140310764313,0.005,0.005,0.005,0.005,-3.5,6.0,4.0,0.0,7.0
