x,y,vx,vy,vx_comp,vy_comp,x_rms,y_rms,vx_rms,vy_rms,rcs,pdh0,dyn_prop,ambig_state,valid_state
28.799999237060547,22.100000381469727,11.0,0.0,1.4199557304382324,1.0896188020706177,0.794,0.794,0.371,0.011,-4.0,3.0,0.0,1.0,4.0
70.4000015258789,-49.900001525878906,-8.5,0.0,0.1468641459941864,-0.10409830510616302,1.023,1.317,0.371,0.011,5.5,1.0,2.0,1.0,0.0
72.0,-49.29999923706055,-8.5,0.0,-0.043772581964731216,0.029972059652209282,1.317,1.317,0.371,0.011,2.0,3.0,2.0,1.0,11.0
