x,y,vx,vy,vx_comp,vy_comp,x_rms,y_rms,vx_rms,vy_rms,rcs,pdh0,dyn_prop,ambig_state,valid_state
6.599999904632568,0.10000000149011612,0.25,0.0,0.40706464648246765,0.006167646497488022,0.616,0.616,0.288,0.011,-4.5,1.0,1.0,3.0,0.0
23.200000762939453,25.899999618530273,13.25,0.0,0.16569213569164276,0.184975266456604,0.794,0.794,0.478,0.011,-0.5,1.0,0.0,1.0,0.0
69.80000305175781,-49.29999923706055,-8.5,0.0,0.13133029639720917,-0.09275906533002853,0.794,1.023,0.371,0.011,4.0,1.0,2.0,2.0,0.0
6.599999904632568,0.10000000149011612,0.25,0.0,0.40706464648246765,0.006167646497488022,1.023,0.616,0.288,0.011,-1.5,1.0,1.0,3.0,0.0
