x,y,vx,vy,vx_comp,vy_comp,x_rms,y_rms,vx_rms,vy_rms,rcs,pdh0,dyn_prop,ambig_state,valid_state
2.5999999046325684,3.700000047683716,17.0,0.0,0.15965193510055542,0.22719699144363403,0.616,0.616,0.616,0.011,7.0,1.0,0.0,1.0,0.0
6.800000190734863,0.10000000149011612,0.0,0.0,0.1571062058210373,0.002310385461896658,0.616,0.616,0.288,0.011,-3.0,1.0,1.0,3.0,0.0
5.0,-12.5,0.0,0.0,4.128215789794922,-10.320540428161621,0.005,0.005,0.005,0.005,0.0,6.0,4.0,0.0,7.0
