x,y,vx,vy,vx_comp,vy_comp,x_rms,y_rms,vx_rms,vy_rms,rcs,pdh0,dyn_prop,ambig_state,valid_state
6.599999904632568,10.699999809265137,19.25,0.0,0.11908283829689026,0.1930585652589798,0.616,0.616,0.794,0.011,-2.5,1.0,0.0,1.0,0.0
41.0,19.100000381469727,5.5,0.0,0.2714154124259949,0.1264398694038391,0.794,0.794,0.288,0.011,-1.5,3.0,0.0,1.0,4.0
