x,y,vx,vy,vx_comp,vy_comp,x_rms,y_rms,vx_rms,vy_rms,rcs,pdh0,dyn_prop,ambig_state,valid_state
4.800000190734863,-10.699999809265137,0.0,0.0,4.461690425872803,-9.945850372314453,0.005,0.005,0.005,0.005,-2.5,6.0,4.0,0.0,7.0
6.800000190734863,0.10000000149011612,0.0,0.0,0.15638892352581024,0.002299837302416563,1.023,0.616,0.288,0.011,-0.5,6.0,1.0,3.0,8.0
140.0,21.700000762939453,-1.0,0.25,-2.4024863243103027,-0.3723854124546051,1.317,3.63,0.288,0.011,2.0,1.0,3.0,3.0,0.0
256.79998779296875,-18.5,-1.0,0.25,0.16112691164016724,-0.011607663705945015,1.317,7.762,0.288,0.011,3.5,1.0,3.0,3.0,0.0
