x,y,vx,vy,vx_comp,vy_comp,x_rms,y_rms,vx_rms,vy_rms,rcs,pdh0,dyn_prop,ambig_state,valid_state
5.0,-8.100000381469727,-20.25,0.0,-0.2141803652048111,0.3469722270965576,0.616,0.616,0.794,0.011,-3.5,1.0,2.0,1.0,0.0
107.19999694824219,19.899999618530273,2.25,0.0,0.4050107002258301,0.07518389075994492,1.023,1.697,0.288,0.011,-0.5,3.0,0.0,1.0,4.0
6.599999904632568,-0.30000001192092896,-0.5,0.0,0.3947789967060089,-0.017944499850273132,1.023,0.616,0.288,0.011,1.5,1.0,1.0,3.0,0.0
128.60000610351562,9.5,0.75,0.0,0.2363603413105011,0.017460521310567856,1.023,2.187,0.288,0.011,-2.0,3.0,0.0,1.0,4.0
129.0,18.100000381469727,1.5,0.0,0.19981621205806732,0.02803622931241989,1.023,1.697,0.288,0.011,-1.0,3.0,0.0,2.0,4.0
159.1999969482422,15.5,1.0,0.0,0.20852184295654297,0.02030206471681595,1.317,4.676,0.288,0.011,-3.0,3.0,0.0,1.0,4.0
