x,y,vx,vy,vx_comp,vy_comp,x_rms,y_rms,vx_rms,vy_rms,rcs,pdh0,dyn_prop,ambig_state,valid_state
4.0,-7.300000190734863,-18.75,0.0,0.7255175709724426,-1.3240694999694824,0.616,0.616,0.616,0.011,-2.5,1.0,2.0,2.0,0.0
107.0,21.899999618530273,0.0,0.0,-1.9801212549209595,-0.4052771329879761,0.005,0.005,0.005,0.005,-0.5,6.0,4.0,0.0,7.0
129.39999389648438,19.299999237060547,1.75,0.0,0.3347862958908081,0.04993335157632828,1.317,2.817,0.288,0.011,1.5,1.0,0.0,1.0,0.0
