x,y,vx,vy,vx_comp,vy_comp,x_rms,y_rms,vx_rms,vy_rms,rcs,pdh0,dyn_prop,ambig_state,valid_state
16.399999618530273,0.8999999761581421,0.5,0.25,0.17791980504989624,0.00976389180868864,0.616,0.616,0.288,0.011,1.5,1.0,0.0,3.0,0.0
53.0,-21.100000381469727,-5.25,0.0,0.11498723179101944,-0.04577793553471565,0.616,0.794,0.288,0.011,0.5,1.0,2.0,1.0,0.0
16.399999618530273,-2.9000000953674316,0.0,0.0,2.511242628097534,-0.4440612196922302,0.005,0.005,0.005,0.005,2.5,6.0,4.0,0.0,7.0
54.20000076293945,-10.899999618530273,0.0,0.0,2.783660411834717,-0.5598135590553284,0.005,0.005,0.005,0.005,7.5,6.0,4.0,0.0,7.0
