x,y,vx,vy,vx_comp,vy_comp,x_rms,y_rms,vx_rms,vy_rms,rcs,pdh0,dyn_prop,ambig_state,valid_state
29.200000762939453,-43.5,-18.0,0.0,-0.02380402944982052,0.03546148166060448,1.023,1.023,0.794,0.011,12.5,1.0,2.0,1.0,0.0
102.0,22.700000762939453,2.5,0.0,0.21267852187156677,0.047331396490335464,1.023,1.697,0.288,0.011,-2.5,3.0,0.0,1.0,4.0
