x,y,vx,vy,vx_comp,vy_comp,x_rms,y_rms,vx_rms,vy_rms,rcs,pdh0,dyn_prop,ambig_state,valid_state
16.600000381469727,-22.5,-12.75,0.0,1.2628763914108276,-1.7117301225662231,0.794,0.794,0.616,0.011,3.0,1.0,2.0,1.0,0.0
31.0,-41.5,-16.25,0.0,-0.04085865989327431,0.05469788610935211,1.023,0.794,0.616,0.011,15.0,1.0,2.0,1.0,0.0
64.80000305175781,25.899999618530273,4.75,0.0,0.3325960636138916,0.1329357773065567,1.023,1.023,0.288,0.011,-5.0,3.0,0.0,1.0,4.0
