x,y,vx,vy,vx_comp,vy_comp,x_rms,y_rms,vx_rms,vy_rms,rcs,pdh0,dyn_prop,ambig_state,valid_state
12.399999618530273,16.100000381469727,-19.25,0.0,-12.735828399658203,-16.536035537719727,0.616,0.616,0.616,0.011,-0.5,1.0,2.0,1.0,0.0
