x,y,vx,vy,vx_comp,vy_comp,x_rms,y_rms,vx_rms,vy_rms,rcs,pdh0,dyn_prop,ambig_state,valid_state
3.4000000953674316,10.699999809265137,0.0,0.0,-3.37825345993042,-10.631562232971191,0.005,0.005,0.005,0.005,-4.5,6.0,4.0,0.0,7.0
16.200000762939453,12.300000190734863,9.25,0.0,0.40508100390434265,0.3075614869594574,0.616,0.616,0.371,0.011,-5.0,3.0,0.0,2.0,4.0
29.799999237060547,-19.299999237060547,-8.0,0.0,0.013381834141910076,-0.008666759356856346,0.616,0.616,0.371,0.011,13.0,1.0,2.0,1.0,0.0
30.0,-20.100000381469727,-8.25,0.0,0.02289390191435814,-0.015338914468884468,0.616,0.616,0.371,0.011,20.5,1.0,2.0,1.0,0.0
31.0,-21.700000762939453,-8.5,0.0,0.09247404336929321,-0.06473183631896973,0.794,0.794,0.371,0.011,-2.5,3.0,2.0,1.0,4.0
31.600000381469727,-21.100000381469727,-5.0,0.0,2.2521238327026367,-1.5037915706634521,0.794,0.794,0.371,0.011,-2.0,3.0,2.0,1.0,4.0
32.400001525878906,-20.5,-4.75,0.0,2.20837664604187,-1.3972753286361694,0.794,0.794,0.371,0.011,-2.0,3.0,2.0,1.0,4.0
33.20000076293945,-21.700000762939453,-8.0,0.0,0.06269960105419159,-0.040981367230415344,0.616,0.616,0.371,0.011,12.5,3.0,2.0,1.0,9.0
6.599999904632568,-0.10000000149011612,-0.5,0.0,0.04251893237233162,-0.0006442262674681842,1.023,0.616,0.288,0.011,-4.5,6.0,1.0,3.0,8.0
