x,y,vx,vy,vx_comp,vy_comp,x_rms,y_rms,vx_rms,vy_rms,rcs,pdh0,dyn_prop,ambig_state,valid_state
4.400000095367432,0.10000000149011612,0.0,0.0,0.07838926464319229,0.0017815743340179324,0.616,0.616,0.288,0.011,10.0,1.0,1.0,3.0,0.0
8.600000381469727,0.10000000149011612,0.0,0.0,0.20882590115070343,0.0024282080121338367,0.005,0.005,0.005,0.005,1.0,6.0,4.0,0.0,14.0
8.600000381469727,12.699999809265137,-20.25,0.0,-11.713239669799805,-17.29745864868164,0.794,0.794,0.794,0.011,3.5,1.0,2.0,1.0,0.0
5.0,-14.300000190734863,0.0,0.0,3.698662519454956,-10.57817554473877,0.005,0.005,0.005,0.005,13.5,6.0,4.0,0.0,7.0
