x,y,vx,vy,vx_comp,vy_comp,x_rms,y_rms,vx_rms,vy_rms,rcs,pdh0,dyn_prop,ambig_state,valid_state
4.599999904632568,-13.5,0.0,0.0,3.618614673614502,-10.619847297668457,0.005,0.005,0.005,0.005,14.0,6.0,4.0,0.0,7.0
34.0,10.899999618530273,3.75,0.0,0.31640544533729553,0.10143586993217468,0.616,0.616,0.288,0.011,-1.5,3.0,0.0,1.0,4.0
