x,y,vx,vy,vx_comp,vy_comp,x_rms,y_rms,vx_rms,vy_rms,rcs,pdh0,dyn_prop,ambig_state,valid_state
5.599999904632568,-7.699999809265137,-2.25,0.0,5.354086875915527,-7.3618693351745605,0.616,0.794,0.478,0.011,-3.5,1.0,2.0,1.0,0.0
16.600000381469727,0.8999999761581421,0.5,0.0,0.18399137258529663,0.009975435212254524,0.616,0.616,0.288,0.011,4.5,1.0,0.0,3.0,0.0
55.20000076293945,1.7000000476837158,0.25,0.75,0.2530360817909241,0.007792777381837368,0.616,0.794,0.288,0.011,-4.5,3.0,3.0,3.0,4.0
53.400001525878906,-18.100000381469727,-2.75,0.0,1.7022361755371094,-0.5769752264022827,0.794,1.023,0.288,0.011,-4.0,3.0,2.0,1.0,4.0
53.20000076293945,-20.899999618530273,-5.0,0.0,0.28440409898757935,-0.1117301881313324,0.616,0.794,0.288,0.011,5.5,1.0,2.0,1.0,0.0
16.200000762939453,-2.700000047683716,0.0,0.0,2.4060826301574707,-0.40101370215415955,0.005,0.005,0.005,0.005,1.0,6.0,4.0,0.0,7.0
43.79999923706055,9.899999618530273,0.0,0.0,-2.3636138439178467,-0.5342414975166321,0.005,0.005,0.005,0.005,-2.5,6.0,4.0,0.0,7.0
