x,y,vx,vy,vx_comp,vy_comp,x_rms,y_rms,vx_rms,vy_rms,rcs,pdh0,dyn_prop,ambig_state,valid_state
4.800000190734863,-9.899999618530273,0.0,0.0,4.653345108032227,-9.597522735595703,0.005,0.005,0.005,0.005,0.5,6.0,4.0,0.0,7.0
5.0,-10.899999618530273,0.0,0.0,4.488724708557129,-9.785421371459961,0.005,0.005,0.005,0.005,14.0,6.0,4.0,0.0,7.0
32.0,26.100000381469727,9.5,0.0,0.19473400712013245,0.158829927444458,0.616,0.616,0.371,0.011,0.0,3.0,0.0,1.0,4.0
