x,y,vx,vy,vx_comp,vy_comp,x_rms,y_rms,vx_rms,vy_rms,rcs,pdh0,dyn_prop,ambig_state,valid_state
4.800000190734863,-9.100000381469727,0.0,0.0,4.892665386199951,-9.275676727294922,0.005,0.005,0.005,0.005,-3.5,6.0,4.0,0.0,7.0
4.800000190734863,-10.100000381469727,0.0,0.0,4.589696884155273,-9.657485961914062,0.005,0.005,0.005,0.005,13.5,6.0,4.0,0.0,7.0
34.20000076293945,35.900001525878906,12.25,0.0,0.15730920433998108,0.165128692984581,1.023,1.023,0.478,0.011,5.0,1.0,0.0,1.0,0.0
