x,y,vx,vy,vx_comp,vy_comp,x_rms,y_rms,vx_rms,vy_rms,rcs,pdh0,dyn_prop,ambig_state,valid_state
4.599999904632568,-9.300000190734863,0.0,0.0,4.705583572387695,-9.51346206665039,0.005,0.005,0.005,0.005,10.0,6.0,4.0,0.0,7.0
