x,y,vx,vy,vx_comp,vy_comp,x_rms,y_rms,vx_rms,vy_rms,rcs,pdh0,dyn_prop,ambig_state,valid_state
4.400000095367432,-8.5,0.0,0.0,4.832944393157959,-9.336369514465332,0.005,0.005,0.005,0.005,9.5,6.0,4.0,0.0,7.0
4.400000095367432,9.5,0.0,0.0,-4.3910746574401855,-9.480729103088379,0.005,0.005,0.005,0.005,-2.0,6.0,4.0,0.0,7.0
