x,y,vx,vy,vx_comp,vy_comp,x_rms,y_rms,vx_rms,vy_rms,rcs,pdh0,dyn_prop,ambig_state,valid_state
4.0,-6.5,-16.75,0.0,0.685890793800354,-1.114572525024414,0.616,0.794,0.616,0.011,-1.5,1.0,2.0,2.0,0.0
4.599999904632568,-7.5,-19.75,0.0,-0.12016576528549194,0.19592246413230896,0.616,0.616,0.616,0.011,8.5,1.0,2.0,1.0,0.0
32.400001525878906,-51.5,-18.75,0.0,0.023683760315179825,-0.03764548525214195,1.317,1.317,1.023,0.011,11.5,1.0,2.0,1.0,0.0
