x,y,vx,vy,vx_comp,vy_comp,x_rms,y_rms,vx_rms,vy_rms,rcs,pdh0,dyn_prop,ambig_state,valid_state
4.599999904632568,-6.300000190734863,-17.5,0.0,-0.4391426146030426,0.6014344692230225,0.794,1.023,0.616,0.011,7.5,1.0,6.0,3.0,0.0
6.599999904632568,14.300000190734863,0.0,0.0,-4.370264053344727,-9.468907356262207,0.005,0.005,0.005,0.005,-4.5,6.0,4.0,0.0,7.0
31.0,-40.70000076293945,-15.5,0.0,0.0287194661796093,-0.03770587965846062,1.317,1.023,0.616,0.011,6.0,1.0,2.0,1.0,0.0
