x,y,vx,vy,vx_comp,vy_comp,x_rms,y_rms,vx_rms,vy_rms,rcs,pdh0,dyn_prop,ambig_state,valid_state
12.800000190734863,26.899999618530273,0.0,0.0,-4.455108165740967,-9.362689971923828,0.005,0.005,0.005,0.005,10.5,6.0,4.0,0.0,7.0
31.200000762939453,-35.900001525878906,-13.5,0.0,0.07525047659873962,-0.08658628910779953,0.794,0.794,0.478,0.011,7.5,3.0,2.0,1.0,10.0
30.399999618530273,-39.900001525878906,-15.5,0.0,0.020737776532769203,-0.02721833437681198,0.794,0.794,0.616,0.011,10.5,1.0,2.0,2.0,0.0
