x,y,vx,vy,vx_comp,vy_comp,x_rms,y_rms,vx_rms,vy_rms,rcs,pdh0,dyn_prop,ambig_state,valid_state
16.399999618530273,0.699999988079071,0.5,0.0,0.3194570541381836,0.0136353624984622,0.616,0.616,0.288,0.011,6.0,1.0,0.0,3.0,0.0
53.400001525878906,-16.700000762939453,-2.75,0.0,1.4198352098464966,-0.44403088092803955,0.616,0.794,0.288,0.011,-4.5,3.0,2.0,2.0,4.0
16.399999618530273,-3.0999999046325684,0.0,0.0,2.65159273147583,-0.5012157559394836,0.005,0.005,0.005,0.005,-3.5,6.0,4.0,0.0,7.0
