x,y,vx,vy,vx_comp,vy_comp,x_rms,y_rms,vx_rms,vy_rms,rcs,pdh0,dyn_prop,ambig_state,valid_state
29.200000762939453,10.899999618530273,4.5,0.0,0.4279770255088806,0.1597585380077362,0.616,0.616,0.288,0.011,0.5,1.0,0.0,1.0,0.0
