x,y,vx,vy,vx_comp,vy_comp,x_rms,y_rms,vx_rms,vy_rms,rcs,pdh0,dyn_prop,ambig_state,valid_state
2.200000047683716,-6.5,0.0,0.0,3.5219168663024902,-10.405661582946777,0.005,0.005,0.005,0.005,12.5,6.0,4.0,0.0,7.0
6.400000095367432,-15.899999618530273,0.0,0.0,4.024022579193115,-9.99718189239502,0.005,0.005,0.005,0.005,-2.5,6.0,4.0,0.0,7.0
29.799999237060547,25.299999237060547,9.75,0.0,0.16845564544200897,0.1430177092552185,0.794,0.794,0.371,0.011,-4.5,3.0,0.0,1.0,4.0
32.599998474121094,26.299999237060547,9.25,0.0,0.16690224409103394,0.1346481442451477,0.616,0.616,0.371,0.011,-4.0,3.0,0.0,2.0,4.0
29.399999618530273,31.5,12.5,0.0,0.22473812103271484,0.24079084396362305,0.616,0.616,0.478,0.011,8.0,1.0,0.0,1.0,0.0
