x,y,vx,vy,vx_comp,vy_comp,x_rms,y_rms,vx_rms,vy_rms,rcs,pdh0,dyn_prop,ambig_state,valid_state
3.4000000953674316,13.699999809265137,0.0,0.0,-2.935481309890747,-11.828262329101562,0.005,0.005,0.005,0.005,22.0,6.0,4.0,0.0,7.0
16.600000381469727,0.8999999761581421,0.5,0.0,0.16579605638980865,0.008988942950963974,0.616,0.616,0.288,0.011,3.5,1.0,0.0,3.0,0.0
16.600000381469727,1.2999999523162842,1.0,0.0,0.35940250754356384,0.02814597822725773,1.023,0.616,0.288,0.011,-3.0,1.0,0.0,3.0,0.0
53.79999923706055,-16.100000381469727,-2.5,0.0,1.5011922121047974,-0.4492415487766266,0.794,1.023,0.288,0.011,-5.0,3.0,2.0,1.0,4.0
16.200000762939453,-2.700000047683716,0.0,0.0,2.3926897048950195,-0.39878159761428833,0.005,0.005,0.005,0.005,-3.0,6.0,4.0,0.0,7.0
54.79999923706055,12.100000381469727,0.0,0.0,-2.326613664627075,-0.5137231349945068,0.005,0.005,0.005,0.005,0.0,6.0,4.0,0.0,7.0
