x,y,vx,vy,vx_comp,vy_comp,x_rms,y_rms,vx_rms,vy_rms,rcs,pdh0,dyn_prop,ambig_state,valid_state
25.200000762939453,31.899999618530273,14.75,0.0,0.19238786399364471,0.24353858828544617,0.794,0.794,0.616,0.011,6.5,3.0,0.0,1.0,9.0
40.20000076293945,-12.100000381469727,9.0,0.0,11.69034481048584,-3.518735408782959,0.794,0.794,0.288,0.011,-4.0,3.0,0.0,1.0,4.0
30.399999618530273,31.5,12.25,0.0,0.30821487307548523,0.319367378950119,0.616,0.616,0.478,0.011,10.5,1.0,0.0,2.0,0.0
29.399999618530273,33.70000076293945,13.5,0.0,0.26997655630111694,0.30946293473243713,0.616,0.616,0.478,0.011,11.5,1.0,0.0,1.0,0.0
29.200000762939453,36.5,14.75,0.0,0.2665407359600067,0.333175927400589,1.023,0.794,0.616,0.011,8.5,1.0,0.0,1.0,0.0
48.400001525878906,57.29999923706055,13.75,0.0,0.1842498481273651,0.21813048422336578,1.317,1.023,0.478,0.011,14.0,3.0,0.0,1.0,10.0
97.4000015258789,2.9000000953674316,-2.5,0.0,-2.5478577613830566,-0.07586024701595306,1.023,1.023,0.288,0.011,-4.0,3.0,2.0,1.0,4.0
