x,y,vx,vy,vx_comp,vy_comp,x_rms,y_rms,vx_rms,vy_rms,rcs,pdh0,dyn_prop,ambig_state,valid_state
4.400000095367432,5.099999904632568,13.5,0.0,0.21077193319797516,0.24430382251739502,0.794,0.794,0.478,0.011,-1.5,3.0,0.0,1.0,10.0
26.600000381469727,32.099998474121094,14.5,0.0,0.3853905498981476,0.4650765657424927,0.794,0.794,0.478,0.011,8.5,1.0,0.0,2.0,0.0
29.0,40.29999923706055,16.25,0.0,0.20371079444885254,0.28308776021003723,1.023,1.023,0.616,0.011,14.0,1.0,0.0,1.0,0.0
31.799999237060547,39.900001525878906,14.5,0.0,0.15389299392700195,0.19309218227863312,1.023,1.023,0.616,0.011,8.0,1.0,0.0,1.0,0.0
28.200000762939453,42.5,17.5,0.0,0.1525217741727829,0.22986437380313873,1.317,1.023,0.794,0.011,10.5,1.0,0.0,1.0,0.0
