x,y,vx,vy,vx_comp,vy_comp,x_rms,y_rms,vx_rms,vy_rms,rcs,pdh0,dyn_prop,ambig_state,valid_state
5.599999904632568,-13.100000381469727,0.0,0.0,4.194550037384033,-9.812252044677734,0.005,0.005,0.005,0.005,-3.0,6.0,4.0,0.0,7.0
29.799999237060547,42.5,17.0,0.0,0.30845221877098083,0.43990668654441833,1.023,0.794,0.616,0.011,11.5,1.0,0.0,2.0,0.0
29.600000381469727,43.900001525878906,17.75,0.0,0.3226851522922516,0.47857698798179626,1.023,0.794,0.616,0.011,16.5,1.0,0.0,2.0,0.0
29.600000381469727,45.70000076293945,18.0,0.0,0.1727709025144577,0.2667442858219147,1.317,1.023,0.794,0.011,12.5,1.0,0.0,1.0,0.0
30.600000381469727,47.29999923706055,18.0,0.0,0.16627685725688934,0.2570227384567261,1.317,1.317,0.794,0.011,10.0,3.0,0.0,1.0,9.0
29.0,4.099999904632568,-1.0,0.0,-2.2744085788726807,-0.3215543031692505,1.023,0.616,0.288,0.011,-5.0,6.0,1.0,0.0,3.0
