x,y,vx,vy,vx_comp,vy_comp,x_rms,y_rms,vx_rms,vy_rms,rcs,pdh0,dyn_prop,ambig_state,valid_state
38.79999923706055,25.100000381469727,7.5,0.0,0.2702384889125824,0.1748192310333252,1.023,1.023,0.371,0.011,-5.0,3.0,0.0,1.0,4.0
41.20000076293945,26.100000381469727,7.5,0.0,0.3833477199077606,0.24284891784191132,0.794,0.794,0.371,0.011,-2.5,3.0,0.0,1.0,4.0
42.0,27.299999237060547,7.5,0.0,0.24453476071357727,0.15894758701324463,0.794,1.023,0.371,0.011,-3.0,3.0,0.0,1.0,4.0
22.799999237060547,-50.900001525878906,0.0,0.0,4.330808639526367,-9.668339729309082,0.005,0.005,0.005,0.005,19.5,6.0,4.0,0.0,7.0
28.0,48.5,0.0,0.0,-4.891192436218262,-8.472244262695312,0.005,0.005,0.005,0.005,15.5,6.0,4.0,0.0,7.0
