x,y,vx,vy,vx_comp,vy_comp,x_rms,y_rms,vx_rms,vy_rms,rcs,pdh0,dyn_prop,ambig_state,valid_state
2.200000047683716,3.0999999046325684,16.5,0.0,0.21917960047721863,0.3088440001010895,0.616,0.616,0.616,0.011,4.0,1.0,0.0,1.0,0.0
11.199999809265137,23.700000762939453,0.0,0.0,-4.3713507652282715,-9.250092506408691,0.005,0.005,0.005,0.005,3.0,6.0,4.0,0.0,7.0
