x,y,vx,vy,vx_comp,vy_comp,x_rms,y_rms,vx_rms,vy_rms,rcs,pdh0,dyn_prop,ambig_state,valid_state
2.5999999046325684,5.099999904632568,0.0,0.0,-4.566349983215332,-8.957071304321289,0.005,0.005,0.005,0.005,-3.5,6.0,4.0,0.0,7.0
