x,y,vx,vy,vx_comp,vy_comp,x_rms,y_rms,vx_rms,vy_rms,rcs,pdh0,dyn_prop,ambig_state,valid_state
16.600000381469727,1.100000023841858,0.75,0.0,0.24974744021892548,0.016549529507756233,0.616,0.616,0.288,0.011,3.5,1.0,0.0,3.0,0.0
55.599998474121094,0.8999999761581421,0.0,-0.25,0.1303369551897049,0.0021097706630825996,0.616,0.794,0.288,0.011,4.5,1.0,3.0,3.0,0.0
55.400001525878906,53.900001525878906,12.5,0.0,0.27228739857673645,0.26491501927375793,1.317,1.317,0.478,0.011,7.0,1.0,0.0,1.0,0.0
16.600000381469727,-2.700000047683716,0.0,0.0,2.3352456092834473,-0.379829078912735,0.005,0.005,0.005,0.005,-1.0,6.0,4.0,0.0,7.0
55.0,-11.699999809265137,0.0,0.0,2.899376630783081,-0.6167764663696289,0.005,0.005,0.005,0.005,-1.5,6.0,4.0,0.0,7.0
