x,y,vx,vy,vx_comp,vy_comp,x_rms,y_rms,vx_rms,vy_rms,rcs,pdh0,dyn_prop,ambig_state,valid_state
7.0,-0.10000000149011612,-0.25,0.25,0.22230269014835358,-0.003175752703100443,1.023,0.616,0.288,0.011,-2.5,6.0,1.0,3.0,8.0
