x,y,vx,vy,vx_comp,vy_comp,x_rms,y_rms,vx_rms,vy_rms,rcs,pdh0,dyn_prop,ambig_state,valid_state
21.399999618530273,-16.5,-9.0,0.0,0.12422050535678864,-0.0957774892449379,0.616,0.616,0.371,0.011,-3.0,1.0,2.0,1.0,0.0
