x,y,vx,vy,vx_comp,vy_comp,x_rms,y_rms,vx_rms,vy_rms,rcs,pdh0,dyn_prop,ambig_state,valid_state
26.200000762939453,-2.5,-1.25,0.0,0.15721622109413147,-0.015001548454165459,0.794,0.616,0.288,0.011,-2.0,1.0,2.0,1.0,0.0
26.0,-3.299999952316284,-1.5,0.0,0.2682645916938782,-0.03404896706342697,0.616,0.616,0.288,0.011,-2.0,1.0,2.0,1.0,0.0
7.0,-1.2999999523162842,0.0,0.0,2.370025157928467,-0.4401475191116333,0.005,0.005,0.005,0.005,-3.5,6.0,4.0,0.0,7.0
25.799999237060547,-5.099999904632568,0.0,0.0,2.492539167404175,-0.49271127581596375,0.005,0.005,0.005,0.005,-1.0,6.0,4.0,0.0,7.0
