x,y,vx,vy,vx_comp,vy_comp,x_rms,y_rms,vx_rms,vy_rms,rcs,pdh0,dyn_prop,ambig_state,valid_state
7.0,-0.10000000149011612,-0.5,0.0,-0.024343857541680336,0.0003477694117464125,0.616,0.616,0.288,0.011,-4.0,1.0,1.0,3.0,0.0
