x,y,vx,vy,vx_comp,vy_comp,x_rms,y_rms,vx_rms,vy_rms,rcs,pdh0,dyn_prop,ambig_state,valid_state
2.5999999046325684,-2.299999952316284,-11.5,0.0,-0.10417626798152924,0.09215593338012695,0.616,0.616,0.371,0.011,-5.0,1.0,2.0,1.0,0.0
29.200000762939453,-1.5,-0.5,0.75,0.4003465175628662,-0.02056574635207653,0.616,0.616,0.288,0.011,-0.5,1.0,3.0,3.0,0.0
56.0,42.29999923706055,9.75,0.0,0.41114524006843567,0.31056147813796997,0.794,0.794,0.371,0.011,1.5,1.0,0.0,2.0,0.0
15.600000381469727,-3.0999999046325684,0.0,0.0,2.6690964698791504,-0.530397355556488,0.005,0.005,0.005,0.005,-1.5,6.0,4.0,0.0,7.0
15.800000190734863,-1.5,1.75,0.0,3.203488826751709,-0.3041286766529083,0.794,0.616,0.288,0.011,5.0,6.0,0.0,0.0,3.0
28.799999237060547,5.5,0.0,0.0,-2.0042669773101807,-0.38275933265686035,0.005,0.005,0.005,0.005,-3.0,6.0,4.0,0.0,7.0
48.20000076293945,7.099999904632568,-0.5,0.0,-1.9904667139053345,-0.2932015061378479,1.023,0.616,0.288,0.011,-0.5,6.0,1.0,0.0,3.0
56.20000076293945,-11.899999618530273,0.0,0.0,2.810657501220703,-0.5951391458511353,0.005,0.005,0.005,0.005,-4.0,6.0,4.0,0.0,7.0
