x,y,vx,vy,vx_comp,vy_comp,x_rms,y_rms,vx_rms,vy_rms,rcs,pdh0,dyn_prop,ambig_state,valid_state
53.599998474121094,54.900001525878906,13.0,0.0,0.19879505038261414,0.20361658930778503,1.317,1.317,0.478,0.011,6.5,1.0,0.0,1.0,0.0
