x,y,vx,vy,vx_comp,vy_comp,x_rms,y_rms,vx_rms,vy_rms,rcs,pdh0,dyn_prop,ambig_state,valid_state
6.800000190734863,10.699999809265137,18.75,0.0,0.1931641697883606,0.3039494752883911,0.616,0.616,0.794,0.011,-4.0,1.0,0.0,1.0,0.0
