x,y,vx,vy,vx_comp,vy_comp,x_rms,y_rms,vx_rms,vy_rms,rcs,pdh0,dyn_prop,ambig_state,valid_state
4.800000190734863,-1.7000000476837158,-4.25,0.0,0.20900027453899384,-0.07402092963457108,0.794,0.616,0.288,0.011,0.0,1.0,2.0,2.0,0.0
6.0,-2.0999999046325684,29.75,0.0,30.455537796020508,-10.659438133239746,0.616,0.616,0.288,0.011,-1.0,1.0,0.0,2.0,0.0
5.0,-1.5,-3.75,0.0,0.09160053730010986,-0.02748016268014908,0.616,0.616,0.288,0.011,-1.0,1.0,2.0,2.0,0.0
30.0,-11.699999809265137,-4.75,0.0,0.1350051462650299,-0.05265200138092041,0.616,0.616,0.288,0.011,-1.0,1.0,2.0,1.0,0.0
