x,y,vx,vy,vx_comp,vy_comp,x_rms,y_rms,vx_rms,vy_rms,rcs,pdh0,dyn_prop,ambig_state,valid_state
4.400000095367432,-1.7000000476837158,-4.75,0.0,0.09634749591350555,-0.03722516819834709,0.794,0.794,0.288,0.011,2.0,1.0,2.0,3.0,0.0
4.599999904632568,-1.5,-4.0,0.0,0.13824968039989471,-0.04508141800761223,0.794,0.794,0.288,0.011,-3.0,1.0,2.0,3.0,0.0
