x,y,vx,vy,vx_comp,vy_comp,x_rms,y_rms,vx_rms,vy_rms,rcs,pdh0,dyn_prop,ambig_state,valid_state
4.199999809265137,-1.5,-4.0,0.0,0.45983096957206726,-0.16422535479068756,0.794,0.794,0.288,0.011,-3.5,1.0,2.0,3.0,0.0
4.199999809265137,-1.5,-4.25,0.0,0.2381114959716797,-0.08503982424736023,0.794,0.794,0.288,0.011,-4.5,1.0,2.0,3.0,0.0
4.199999809265137,-1.7000000476837158,-4.75,0.0,0.28215548396110535,-0.11420579999685287,0.794,0.794,0.288,0.011,-4.5,1.0,2.0,3.0,0.0
