x,y,vx,vy,vx_comp,vy_comp,x_rms,y_rms,vx_rms,vy_rms,rcs,pdh0,dyn_prop,ambig_state,valid_state
4.0,-1.100000023841858,-3.0,0.0,0.5135051012039185,-0.14121390879154205,0.794,0.794,0.288,0.011,5.0,1.0,2.0,3.0,0.0
4.0,-1.100000023841858,-3.5,0.0,0.04865915700793266,-0.01338126789778471,0.794,0.794,0.288,0.011,-3.5,1.0,2.0,3.0,0.0
47.400001525878906,3.0999999046325684,0.5,0.0,0.043561648577451706,0.0028489683754742146,0.616,0.616,0.288,0.011,-0.5,3.0,0.0,1.0,4.0
