x,y,vx,vy,vx_comp,vy_comp,x_rms,y_rms,vx_rms,vy_rms,rcs,pdh0,dyn_prop,ambig_state,valid_state
1.600000023841858,5.699999809265137,0.0,0.0,-3.053164482116699,-10.876899719238281,0.005,0.005,0.005,0.005,7.5,6.0,4.0,0.0,7.0
43.400001525878906,-9.699999809265137,0.0,0.0,2.823643445968628,-0.6310907602310181,0.005,0.005,0.005,0.005,-3.5,6.0,4.0,0.0,7.0
44.20000076293945,-9.899999618530273,0.0,0.0,2.8284661769866943,-0.6335251927375793,0.005,0.005,0.005,0.005,-2.5,6.0,4.0,0.0,7.0
44.79999923706055,-9.300000190734863,0.0,0.0,2.6618266105651855,-0.5525667667388916,0.005,0.005,0.005,0.005,-4.5,6.0,4.0,0.0,7.0
