x,y,vx,vy,vx_comp,vy_comp,x_rms,y_rms,vx_rms,vy_rms,rcs,pdh0,dyn_prop,ambig_state,valid_state
16.600000381469727,13.699999809265137,10.5,0.0,0.25282755494117737,0.2086588591337204,0.616,0.616,0.371,0.011,-5.0,3.0,0.0,1.0,4.0
30.799999237060547,28.899999618530273,-0.75,0.25,-6.391035079956055,-5.996783256530762,0.794,1.023,0.371,0.011,-0.5,3.0,3.0,3.0,4.0
