x,y,vx,vy,vx_comp,vy_comp,x_rms,y_rms,vx_rms,vy_rms,rcs,pdh0,dyn_prop,ambig_state,valid_state
3.5999999046325684,-0.10000000149011612,-0.5,0.0,0.15965114533901215,-0.004434754606336355,0.616,0.616,0.288,0.011,1.0,1.0,1.0,3.0,0.0
6.800000190734863,12.5,0.0,0.0,-4.920413494110107,-9.044877052307129,0.005,0.005,0.005,0.005,-5.0,6.0,4.0,0.0,7.0
