x,y,vx,vy,vx_comp,vy_comp,x_rms,y_rms,vx_rms,vy_rms,rcs,pdh0,dyn_prop,ambig_state,valid_state
11.800000190734863,-23.899999618530273,0.0,0.0,4.828071594238281,-9.778891563415527,0.005,0.005,0.005,0.005,5.0,6.0,4.0,0.0,7.0
13.199999809265137,23.299999237060547,0.0,0.0,-5.059277534484863,-8.93039321899414,0.005,0.005,0.005,0.005,3.0,6.0,4.0,0.0,7.0
