x,y,vx,vy,vx_comp,vy_comp,x_rms,y_rms,vx_rms,vy_rms,rcs,pdh0,dyn_prop,ambig_state,valid_state
49.0,-9.100000381469727,0.0,0.0,2.4926304817199707,-0.4629170894622803,0.005,0.005,0.005,0.005,5.5,6.0,4.0,0.0,7.0
49.20000076293945,-8.699999809265137,0.0,0.0,2.3971714973449707,-0.4238901138305664,0.005,0.005,0.005,0.005,5.0,6.0,4.0,0.0,7.0
