x,y,vx,vy,vx_comp,vy_comp,x_rms,y_rms,vx_rms,vy_rms,rcs,pdh0,dyn_prop,ambig_state,valid_state
2.200000047683716,0.30000001192092896,0.0,0.0,-1.2685009241104126,-0.17297740280628204,0.005,0.005,0.005,0.005,-5.0,6.0,4.0,0.0,7.0
155.8000030517578,28.700000762939453,0.0,0.0,-1.8043618202209473,-0.3323824405670166,0.005,0.005,0.005,0.005,4.0,6.0,4.0,0.0,7.0
205.39999389648438,41.5,0.0,0.0,-1.9978007078170776,-0.40364524722099304,0.005,0.005,0.005,0.005,19.5,6.0,4.0,0.0,7.0
