x,y,vx,vy,vx_comp,vy_comp,x_rms,y_rms,vx_rms,vy_rms,rcs,pdh0,dyn_prop,ambig_state,valid_state
57.79999923706055,20.5,15.25,0.0,10.074845314025879,3.573258638381958,0.794,1.023,0.288,0.011,-4.0,3.0,0.0,1.0,4.0
