x,y,vx,vy,vx_comp,vy_comp,x_rms,y_rms,vx_rms,vy_rms,rcs,pdh0,dyn_prop,ambig_state,valid_state
13.0,14.699999809265137,13.75,0.0,0.23255056142807007,0.2629610300064087,0.616,0.616,0.478,0.011,-4.0,1.0,0.0,1.0,0.0
