x,y,vx,vy,vx_comp,vy_comp,x_rms,y_rms,vx_rms,vy_rms,rcs,pdh0,dyn_prop,ambig_state,valid_state
2.200000047683716,3.299999952316284,18.25,0.0,0.18856824934482574,0.2828524112701416,0.616,0.794,0.794,0.011,-1.5,1.0,0.0,1.0,0.0
