x,y,vx,vy,vx_comp,vy_comp,x_rms,y_rms,vx_rms,vy_rms,rcs,pdh0,dyn_prop,ambig_state,valid_state
4.800000190734863,0.10000000149011612,0.25,0.0,0.33096843957901,0.006895175203680992,0.794,0.616,0.288,0.011,-4.0,1.0,1.0,3.0,0.0
