x,y,vx,vy,vx_comp,vy_comp,x_rms,y_rms,vx_rms,vy_rms,rcs,pdh0,dyn_prop,ambig_state,valid_state
16.399999618530273,-1.100000023841858,-1.0,0.0,0.21385768055915833,-0.014344112947583199,0.616,0.616,0.288,0.011,-2.0,1.0,3.0,3.0,0.0
16.399999618530273,-1.7000000476837158,-1.25,0.0,0.42083656787872314,-0.04362330585718155,0.616,0.616,0.288,0.011,-5.0,1.0,2.0,1.0,0.0
33.20000076293945,22.299999237060547,8.5,0.0,0.28616130352020264,0.19221074879169464,0.794,0.794,0.371,0.011,-4.5,3.0,0.0,1.0,4.0
51.400001525878906,-18.5,-4.75,0.0,0.13387705385684967,-0.0481853187084198,0.794,1.023,0.288,0.011,-2.5,3.0,2.0,1.0,4.0
