x,y,vx,vy,vx_comp,vy_comp,x_rms,y_rms,vx_rms,vy_rms,rcs,pdh0,dyn_prop,ambig_state,valid_state
4.800000190734863,0.30000001192092896,0.5,0.0,0.08339157700538635,0.005211973562836647,1.023,0.616,0.288,0.011,2.0,1.0,0.0,3.0,0.0
