x,y,vx,vy,vx_comp,vy_comp,x_rms,y_rms,vx_rms,vy_rms,rcs,pdh0,dyn_prop,ambig_state,valid_state
1.2000000476837158,4.900000095367432,0.0,0.0,-2.708266258239746,-11.05875301361084,0.005,0.005,0.005,0.005,31.0,6.0,4.0,0.0,7.0
1.600000023841858,-4.900000095367432,0.0,0.0,3.5164923667907715,-10.769255638122559,0.005,0.005,0.005,0.005,13.0,6.0,4.0,0.0,7.0
