x,y,vx,vy,vx_comp,vy_comp,x_rms,y_rms,vx_rms,vy_rms,rcs,pdh0,dyn_prop,ambig_state,valid_state
5.0,0.30000001192092896,0.5,0.0,0.13264574110507965,0.007958744652569294,0.616,0.616,0.288,0.011,0.5,1.0,0.0,3.0,0.0
