x,y,vx,vy,vx_comp,vy_comp,x_rms,y_rms,vx_rms,vy_rms,rcs,pdh0,dyn_prop,ambig_state,valid_state
16.200000762939453,-1.5,-1.25,0.0,0.28179648518562317,-0.02609226480126381,0.794,0.794,0.288,0.011,-3.0,1.0,2.0,3.0,0.0
16.399999618530273,17.5,13.5,0.0,0.21289607882499695,0.22717571258544922,0.616,0.616,0.478,0.011,-1.5,1.0,0.0,1.0,0.0
17.200000762939453,17.5,13.5,0.0,0.5302985906600952,0.5395479798316956,0.794,0.616,0.478,0.011,-2.0,1.0,0.0,2.0,0.0
50.79999923706055,-19.299999237060547,-5.0,0.0,0.1279386281967163,-0.04860660806298256,0.616,0.794,0.288,0.011,0.0,3.0,2.0,2.0,4.0
