x,y,vx,vy,vx_comp,vy_comp,x_rms,y_rms,vx_rms,vy_rms,rcs,pdh0,dyn_prop,ambig_state,valid_state
5.0,0.30000001192092896,0.5,0.0,0.12444822490215302,0.007466893643140793,0.616,0.616,0.288,0.011,-3.0,1.0,1.0,3.0,0.0
5.0,0.5,0.75,0.0,-0.09462947398424149,-0.009462947025895119,1.023,0.616,0.288,0.011,-4.0,1.0,0.0,3.0,0.0
