x,y,vx,vy,vx_comp,vy_comp,x_rms,y_rms,vx_rms,vy_rms,rcs,pdh0,dyn_prop,ambig_state,valid_state
1.399999976158142,4.900000095367432,0.0,0.0,-3.0816640853881836,-10.7858247756958,0.005,0.005,0.005,0.005,16.0,6.0,4.0,0.0,7.0
