x,y,vx,vy,vx_comp,vy_comp,x_rms,y_rms,vx_rms,vy_rms,rcs,pdh0,dyn_prop,ambig_state,valid_state
3.0,-8.699999809265137,0.0,0.0,3.647608518600464,-10.578064918518066,0.005,0.005,0.005,0.005,2.5,6.0,4.0,0.0,7.0
5.199999809265137,0.8999999761581421,0.0,0.0,-1.6597356796264648,-0.287261962890625,0.005,0.005,0.005,0.005,-3.0,6.0,4.0,0.0,7.0
