x,y,vx,vy,vx_comp,vy_comp,x_rms,y_rms,vx_rms,vy_rms,rcs,pdh0,dyn_prop,ambig_state,valid_state
2.799999952316284,5.699999809265137,0.0,0.0,-4.899209499359131,-9.973390579223633,0.005,0.005,0.005,0.005,8.0,6.0,4.0,0.0,7.0
16.200000762939453,-1.5,-1.25,0.0,0.26636385917663574,-0.024663317948579788,0.616,0.794,0.288,0.011,-2.5,1.0,2.0,3.0,0.0
