x,y,vx,vy,vx_comp,vy_comp,x_rms,y_rms,vx_rms,vy_rms,rcs,pdh0,dyn_prop,ambig_state,valid_state
5.400000095367432,-9.699999809265137,0.0,0.0,5.039705276489258,-9.052803993225098,0.005,0.005,0.005,0.005,-4.5,6.0,4.0,0.0,7.0
