x,y,vx,vy,vx_comp,vy_comp,x_rms,y_rms,vx_rms,vy_rms,rcs,pdh0,dyn_prop,ambig_state,valid_state
5.599999904632568,0.5,1.0,0.0,0.26708561182022095,0.023846929892897606,0.616,0.616,0.288,0.011,1.0,1.0,0.0,3.0,0.0
2.200000047683716,-5.5,0.0,0.0,4.065417766571045,-10.163545608520508,0.005,0.005,0.005,0.005,12.5,6.0,4.0,0.0,7.0
16.799999237060547,-18.5,-6.0,0.0,3.2344460487365723,-3.561741828918457,0.794,0.794,0.478,0.011,-3.5,3.0,2.0,1.0,4.0
