x,y,vx,vy,vx_comp,vy_comp,x_rms,y_rms,vx_rms,vy_rms,rcs,pdh0,dyn_prop,ambig_state,valid_state
16.0,-20.100000381469727,-15.0,0.0,-0.01508565153926611,0.018951348960399628,0.794,0.794,0.616,0.011,-3.0,3.0,2.0,1.0,4.0
17.200000762939453,-27.700000762939453,-19.0,0.0,0.02482779696583748,-0.03998430073261261,1.023,1.023,1.023,0.011,2.5,1.0,2.0,1.0,0.0
