x,y,vx,vy,vx_comp,vy_comp,x_rms,y_rms,vx_rms,vy_rms,rcs,pdh0,dyn_prop,ambig_state,valid_state
15.600000381469727,-15.5,-11.75,0.0,0.06693647056818008,-0.06650738418102264,0.616,0.616,0.478,0.011,0.5,1.0,2.0,1.0,0.0
15.399999618530273,-16.100000381469727,-12.5,0.0,-0.006230860948562622,0.006514082662761211,0.616,0.616,0.478,0.011,3.0,1.0,2.0,1.0,0.0
17.0,-25.299999237060547,-17.5,0.0,0.04445828124880791,-0.06616438180208206,1.023,1.023,0.794,0.011,-0.5,1.0,2.0,1.0,16.0
37.599998474121094,-17.700000762939453,-5.75,0.0,0.03662429749965668,-0.017240695655345917,0.616,0.616,0.288,0.011,6.5,1.0,2.0,1.0,0.0
37.20000076293945,-38.70000076293945,-12.25,0.0,0.0850997269153595,-0.08853116631507874,1.023,1.023,0.478,0.011,3.5,1.0,2.0,1.0,0.0
