x,y,vx,vy,vx_comp,vy_comp,x_rms,y_rms,vx_rms,vy_rms,rcs,pdh0,dyn_prop,ambig_state,valid_state
2.200000047683716,0.699999988079071,3.25,0.0,-0.1230195164680481,-0.03914257511496544,0.616,0.616,0.288,0.011,-1.5,1.0,0.0,1.0,0.0
14.800000190734863,-8.899999618530273,-7.25,0.0,0.03666648268699646,-0.02204943634569645,0.616,0.616,0.371,0.011,-0.5,1.0,2.0,1.0,0.0
36.20000076293945,-17.5,-5.75,0.0,0.14555595815181732,-0.07036545127630234,0.616,0.616,0.288,0.011,-5.0,3.0,2.0,1.0,4.0
36.400001525878906,-21.100000381469727,-7.0,0.0,0.035914529114961624,-0.02081858552992344,0.794,0.794,0.371,0.011,-5.0,3.0,2.0,1.0,4.0
