x,y,vx,vy,vx_comp,vy_comp,x_rms,y_rms,vx_rms,vy_rms,rcs,pdh0,dyn_prop,ambig_state,valid_state
30.200000762939453,-21.299999237060547,-8.25,0.0,0.17017582058906555,-0.1200246587395668,0.616,0.794,0.371,0.011,6.5,1.0,2.0,1.0,0.0
31.0,-22.700000762939453,-8.75,0.0,0.0441419892013073,-0.03232333064079285,0.616,0.616,0.371,0.011,10.5,1.0,2.0,1.0,0.0
42.599998474121094,-15.699999809265137,-4.5,0.0,0.08403162658214569,-0.030969401821494102,0.794,0.794,0.288,0.011,-4.5,3.0,2.0,1.0,4.0
47.599998474121094,30.100000381469727,-17.5,0.0,-17.518779754638672,-11.078051567077637,0.794,1.023,0.371,0.011,-1.5,3.0,2.0,1.0,4.0
55.599998474121094,-19.700000762939453,-4.25,0.0,0.16016454994678497,-0.05674895644187927,1.023,1.023,0.288,0.011,-3.0,3.0,2.0,1.0,4.0
57.20000076293945,-18.700000762939453,-4.0,0.0,0.10141955316066742,-0.033156391233205795,0.616,0.794,0.288,0.011,3.5,1.0,2.0,1.0,0.0
56.79999923706055,-20.700000762939453,-4.5,0.0,0.04215681180357933,-0.015363485552370548,0.794,0.794,0.288,0.011,8.0,1.0,2.0,1.0,0.0
