x,y,vx,vy,vx_comp,vy_comp,x_rms,y_rms,vx_rms,vy_rms,rcs,pdh0,dyn_prop,ambig_state,valid_state
16.0,-1.7000000476837158,-1.5,0.0,0.18072086572647095,-0.019201593473553658,0.616,0.794,0.288,0.011,-1.0,1.0,2.0,3.0,0.0
16.799999237060547,19.5,14.75,0.0,0.23129713535308838,0.2684699296951294,0.616,0.616,0.478,0.011,-4.5,3.0,0.0,1.0,4.0
