x,y,vx,vy,vx_comp,vy_comp,x_rms,y_rms,vx_rms,vy_rms,rcs,pdh0,dyn_prop,ambig_state,valid_state
16.200000762939453,0.5,0.5,0.5,0.4246235489845276,0.013105664402246475,0.616,0.616,0.288,0.011,8.5,1.0,3.0,3.0,0.0
16.200000762939453,2.0999999046325684,1.5,0.0,0.17260120809078217,0.022374227643013,0.794,0.616,0.288,0.011,2.5,1.0,0.0,3.0,0.0
48.599998474121094,-1.100000023841858,0.25,1.25,0.7993621230125427,-0.018092559650540352,0.616,0.616,0.288,0.011,9.5,1.0,3.0,3.0,0.0
80.19999694824219,-38.70000076293945,-6.25,0.0,0.06061909347772598,-0.02925136126577854,1.023,1.317,0.288,0.011,-0.5,3.0,2.0,1.0,4.0
94.4000015258789,-45.29999923706055,-6.25,0.0,0.0336194671690464,-0.01613306999206543,1.023,1.697,0.288,0.011,2.0,1.0,2.0,1.0,0.0
