x,y,vx,vy,vx_comp,vy_comp,x_rms,y_rms,vx_rms,vy_rms,rcs,pdh0,dyn_prop,ambig_state,valid_state
2.799999952316284,-2.299999952316284,-9.75,0.0,0.36901772022247314,-0.3031216859817505,0.616,0.616,0.371,0.011,-3.5,1.0,2.0,1.0,0.0
38.400001525878906,-29.299999237060547,-9.5,0.0,0.09842109680175781,-0.07509733736515045,0.794,0.794,0.371,0.011,-1.5,3.0,2.0,1.0,4.0
