x,y,vx,vy,vx_comp,vy_comp,x_rms,y_rms,vx_rms,vy_rms,rcs,pdh0,dyn_prop,ambig_state,valid_state
82.0,-9.899999618530273,-1.5,0.0,0.31769049167633057,-0.03835531324148178,0.794,1.023,0.288,0.011,-0.5,3.0,2.0,1.0,4.0
