x,y,vx,vy,vx_comp,vy_comp,x_rms,y_rms,vx_rms,vy_rms,rcs,pdh0,dyn_prop,ambig_state,valid_state
95.80000305175781,22.700000762939453,2.75,0.0,0.2500525116920471,0.05925043672323227,0.794,1.317,0.288,0.011,1.5,1.0,0.0,1.0,0.0
