x,y,vx,vy,vx_comp,vy_comp,x_rms,y_rms,vx_rms,vy_rms,rcs,pdh0,dyn_prop,ambig_state,valid_state
28.799999237060547,15.5,6.5,0.0,0.2812405526638031,0.1513621062040329,0.794,0.794,0.288,0.011,5.0,1.0,0.0,1.0,0.0
49.599998474121094,25.700000762939453,6.25,0.0,0.2798537313938141,0.14500486850738525,0.794,0.794,0.288,0.011,-2.5,3.0,0.0,1.0,4.0
