x,y,vx,vy,vx_comp,vy_comp,x_rms,y_rms,vx_rms,vy_rms,rcs,pdh0,dyn_prop,ambig_state,valid_state
27.399999618530273,23.700000762939453,10.75,0.0,0.3894319236278534,0.33684438467025757,0.794,0.794,0.371,0.011,-1.0,3.0,0.0,1.0,4.0
