x,y,vx,vy,vx_comp,vy_comp,x_rms,y_rms,vx_rms,vy_rms,rcs,pdh0,dyn_prop,ambig_state,valid_state
4.800000190734863,0.8999999761581421,2.25,0.0,0.19007174670696259,0.03563844785094261,0.616,0.616,0.288,0.011,-4.5,1.0,0.0,1.0,0.0
3.799999952316284,12.5,0.0,0.0,-3.4562931060791016,-11.369385719299316,0.005,0.005,0.005,0.005,6.5,6.0,4.0,0.0,7.0
16.0,0.5,0.25,0.5,0.16673457622528076,0.005210455507040024,0.616,0.616,0.288,0.011,9.0,1.0,1.0,3.0,0.0
15.800000190734863,-2.700000047683716,0.0,0.0,2.360835313796997,-0.4034338891506195,0.005,0.005,0.005,0.005,2.5,6.0,4.0,0.0,7.0
16.0,-3.299999952316284,0.0,0.0,2.7549479007720947,-0.5682079792022705,0.005,0.005,0.005,0.005,1.5,6.0,4.0,0.0,7.0
