x,y,vx,vy,vx_comp,vy_comp,x_rms,y_rms,vx_rms,vy_rms,rcs,pdh0,dyn_prop,ambig_state,valid_state
3.0,-6.699999809265137,0.0,0.0,4.534207344055176,-10.126398086547852,0.005,0.005,0.005,0.005,14.5,6.0,4.0,0.0,7.0
7.199999809265137,-0.10000000149011612,-0.25,0.0,0.2799406945705414,-0.0038880654610693455,1.023,0.616,0.288,0.011,-4.0,1.0,1.0,3.0,0.0
7.199999809265137,-0.30000001192092896,-0.75,0.0,0.112963005900383,-0.004706792067736387,1.023,0.616,0.288,0.011,-3.5,1.0,1.0,3.0,0.0
