x,y,vx,vy,vx_comp,vy_comp,x_rms,y_rms,vx_rms,vy_rms,rcs,pdh0,dyn_prop,ambig_state,valid_state
7.199999809265137,0.10000000149011612,0.0,0.0,0.20256616175174713,0.0028134190943092108,0.616,0.616,0.288,0.011,-2.0,1.0,1.0,3.0,0.0
3.799999952316284,9.5,0.0,0.0,-4.077775001525879,-10.194437980651855,0.005,0.005,0.005,0.005,-4.0,6.0,4.0,0.0,7.0
