x,y,vx,vy,vx_comp,vy_comp,x_rms,y_rms,vx_rms,vy_rms,rcs,pdh0,dyn_prop,ambig_state,valid_state
7.0,0.10000000149011612,0.0,0.0,0.1916978359222412,0.0027385407593101263,0.616,0.616,0.288,0.011,0.0,1.0,1.0,3.0,0.0
2.5999999046325684,-6.900000095367432,0.0,0.0,3.9941422939300537,-10.59984016418457,0.005,0.005,0.005,0.005,16.0,6.0,4.0,0.0,7.0
