x,y,vx,vy,vx_comp,vy_comp,x_rms,y_rms,vx_rms,vy_rms,rcs,pdh0,dyn_prop,ambig_state,valid_state
12.199999809265137,-28.100000381469727,0.0,0.0,4.426351070404053,-10.195121765136719,0.005,0.005,0.005,0.005,9.0,6.0,4.0,0.0,7.0
7.199999809265137,0.10000000149011612,-0.25,0.0,-0.07968662679195404,-0.0011067588347941637,1.023,0.616,0.288,0.011,-2.5,6.0,1.0,3.0,8.0
7.199999809265137,0.10000000149011612,0.0,0.0,0.17026515305042267,0.002364794025197625,1.023,0.616,0.288,0.011,-3.0,6.0,1.0,3.0,8.0
7.199999809265137,-0.10000000149011612,-0.5,0.0,0.0028185963165014982,-3.914717672159895e-05,1.023,0.616,0.288,0.011,-3.5,6.0,1.0,3.0,8.0
