x,y,vx,vy,vx_comp,vy_comp,x_rms,y_rms,vx_rms,vy_rms,rcs,pdh0,dyn_prop,ambig_state,valid_state
7.0,-0.10000000149011612,0.0,0.0,0.4995112717151642,-0.0071358755230903625,1.023,0.616,0.288,0.011,-2.0,1.0,1.0,3.0,0.0
