x,y,vx,vy,vx_comp,vy_comp,x_rms,y_rms,vx_rms,vy_rms,rcs,pdh0,dyn_prop,ambig_state,valid_state
7.199999809265137,0.699999988079071,1.25,0.0,0.41487833857536316,0.04033539444208145,0.794,0.616,0.288,0.011,-4.5,1.0,0.0,3.0,0.0
12.199999809265137,-26.299999237060547,0.0,0.0,4.614975452423096,-9.948676109313965,0.005,0.005,0.005,0.005,5.5,6.0,4.0,0.0,7.0
15.800000190734863,-31.100000381469727,0.0,0.0,4.887756824493408,-9.620837211608887,0.005,0.005,0.005,0.005,7.0,6.0,4.0,0.0,7.0
15.199999809265137,-34.29999923706055,0.0,0.0,4.475501537322998,-10.099323272705078,0.005,0.005,0.005,0.005,14.5,6.0,4.0,0.0,7.0
7.0,0.10000000149011612,0.0,0.0,0.1587558388710022,0.002267940668389201,1.023,0.616,0.288,0.011,-2.0,6.0,1.0,3.0,8.0
