x,y,vx,vy,vx_comp,vy_comp,x_rms,y_rms,vx_rms,vy_rms,rcs,pdh0,dyn_prop,ambig_state,valid_state
6.800000190734863,-13.899999618530273,0.0,0.0,4.7593255043029785,-9.728619575500488,0.005,0.005,0.005,0.005,-2.0,6.0,4.0,0.0,7.0
12.600000381469727,-24.100000381469727,0.0,0.0,4.954843521118164,-9.477123260498047,0.005,0.005,0.005,0.005,1.0,6.0,4.0,0.0,7.0
17.200000762939453,-24.899999618530273,-17.75,0.0,-0.06545324623584747,0.09475497901439667,0.794,0.794,0.794,0.011,3.0,1.0,2.0,1.0,0.0
14.800000190734863,29.100000381469727,0.0,0.0,-4.7435302734375,-9.326805114746094,0.005,0.005,0.005,0.005,10.0,6.0,4.0,0.0,7.0
16.200000762939453,-28.5,0.0,0.0,5.190633296966553,-9.131670951843262,0.005,0.005,0.005,0.005,10.0,6.0,4.0,0.0,7.0
15.0,-31.700000762939453,0.0,0.0,4.659474849700928,-9.847023963928223,0.005,0.005,0.005,0.005,20.5,6.0,4.0,0.0,7.0
