x,y,vx,vy,vx_comp,vy_comp,x_rms,y_rms,vx_rms,vy_rms,rcs,pdh0,dyn_prop,ambig_state,valid_state
4.0,12.5,0.0,0.0,-3.419807195663452,-10.686897277832031,0.005,0.005,0.005,0.005,0.0,6.0,4.0,0.0,7.0
13.0,-15.300000190734863,-14.25,0.0,0.031579773873090744,-0.037166960537433624,0.616,0.616,0.478,0.011,-3.0,3.0,2.0,1.0,10.0
10.800000190734863,-23.100000381469727,0.0,0.0,4.620983600616455,-9.883769035339355,0.005,0.005,0.005,0.005,3.5,6.0,4.0,0.0,7.0
15.199999809265137,-23.299999237060547,-18.75,0.0,-0.05757187306880951,0.08825161308050156,0.616,0.616,0.616,0.011,6.0,1.0,2.0,1.0,0.0
15.199999809265137,-24.700000762939453,-19.75,0.0,-0.026888828724622726,0.043694354593753815,1.023,1.023,1.023,0.011,-0.5,1.0,2.0,1.0,16.0
16.399999618530273,-27.299999237060547,-20.5,0.0,-0.0998988226056099,0.16629499197006226,1.023,1.023,1.023,0.011,3.5,1.0,2.0,1.0,0.0
14.800000190734863,-30.899999618530273,0.0,0.0,4.693796157836914,-9.799884796142578,0.005,0.005,0.005,0.005,14.0,6.0,4.0,0.0,7.0
22.0,-27.700000762939453,-15.25,0.0,0.020169001072645187,-0.025394607335329056,0.794,0.794,0.616,0.011,3.5,1.0,2.0,1.0,0.0
