x,y,vx,vy,vx_comp,vy_comp,x_rms,y_rms,vx_rms,vy_rms,rcs,pdh0,dyn_prop,ambig_state,valid_state
16.200000762939453,0.8999999761581421,0.5,0.5,0.1320103406906128,0.007333907764405012,0.616,0.616,0.288,0.011,1.0,1.0,1.0,3.0,0.0
16.200000762939453,0.30000001192092896,0.25,0.5,0.32738733291625977,0.006062728352844715,0.616,0.616,0.288,0.011,3.5,1.0,1.0,3.0,0.0
48.400001525878906,-4.099999904632568,-1.0,1.5,0.23165401816368103,-0.019623585045337677,0.616,0.794,0.288,0.011,0.5,1.0,3.0,3.0,0.0
48.400001525878906,-3.700000047683716,-0.75,1.5,0.38998591899871826,-0.029812971130013466,0.616,0.794,0.288,0.011,1.5,1.0,3.0,3.0,0.0
47.400001525878906,26.5,-5.5,0.0,-9.29326343536377,-5.195600509643555,0.794,0.794,0.371,0.011,2.5,1.0,2.0,1.0,0.0
50.0,27.700000762939453,-5.75,0.0,-9.476119995117188,-5.2497711181640625,0.794,0.794,0.288,0.011,8.5,1.0,2.0,1.0,0.0
50.79999923706055,33.900001525878906,8.5,0.0,0.30928879976272583,0.2063954770565033,0.794,1.023,0.371,0.011,1.0,1.0,0.0,1.0,0.0
53.0,30.100000381469727,7.25,0.0,0.3336087465286255,0.18946459889411926,0.794,1.023,0.371,0.011,0.5,1.0,0.0,1.0,0.0
15.800000190734863,-3.0999999046325684,0.0,0.0,2.653789520263672,-0.5206801891326904,0.005,0.005,0.005,0.005,11.0,6.0,4.0,0.0,7.0
