x,y,vx,vy,vx_comp,vy_comp,x_rms,y_rms,vx_rms,vy_rms,rcs,pdh0,dyn_prop,ambig_state,valid_state
3.5999999046325684,13.5,0.0,0.0,-2.9371495246887207,-11.01430892944336,0.005,0.005,0.005,0.005,20.0,6.0,4.0,0.0,7.0
13.199999809265137,-13.899999618530273,-12.75,0.0,0.05271539464592934,-0.055510908365249634,0.616,0.616,0.478,0.011,16.0,1.0,2.0,1.0,0.0
13.199999809265137,-22.100000381469727,-20.5,0.0,-0.06663020700216293,0.11155510693788528,0.794,0.794,1.023,0.011,4.0,1.0,2.0,1.0,0.0
14.600000381469727,-22.299999237060547,-17.75,0.0,0.22526516020298004,-0.34406933188438416,0.794,0.794,0.616,0.011,1.0,1.0,2.0,2.0,0.0
17.200000762939453,-22.899999618530273,-16.25,0.0,-0.028644368052482605,0.03813697770237923,1.023,1.023,0.616,0.011,0.0,1.0,2.0,1.0,0.0
15.399999618530273,-26.5,-20.25,0.0,0.13881663978099823,-0.23887282609939575,0.794,0.794,0.794,0.011,6.0,1.0,2.0,2.0,0.0
16.799999237060547,28.899999618530273,-21.75,0.0,-10.572664260864258,-18.187501907348633,0.794,0.616,0.794,0.011,11.5,1.0,2.0,1.0,0.0
21.399999618530273,-26.899999618530273,-15.0,0.0,0.11093680560588837,-0.1394486129283905,0.616,0.616,0.478,0.011,8.5,3.0,2.0,2.0,10.0
3.5999999046325684,0.10000000149011612,0.5,0.0,0.5113295316696167,0.014203598722815514,1.023,0.616,0.288,0.011,-4.5,3.0,1.0,1.0,0.0
