x,y,vx,vy,vx_comp,vy_comp,x_rms,y_rms,vx_rms,vy_rms,rcs,pdh0,dyn_prop,ambig_state,valid_state
13.0,-11.899999618530273,-11.25,0.0,-0.013529711402952671,0.012384889647364616,0.616,0.794,0.371,0.011,11.0,1.0,6.0,3.0,0.0
9.600000381469727,-20.5,0.0,0.0,4.630190372467041,-9.887382507324219,0.005,0.005,0.005,0.005,0.5,6.0,4.0,0.0,7.0
15.399999618530273,-21.700000762939453,-17.5,0.0,-0.13385039567947388,0.1886073797941208,0.794,0.794,0.794,0.011,1.0,1.0,6.0,3.0,0.0
17.200000762939453,-21.100000381469727,-15.0,0.0,-0.02778385393321514,0.03408367931842804,0.616,0.616,0.478,0.011,7.0,1.0,2.0,1.0,0.0
13.800000190734863,-28.700000762939453,0.0,0.0,4.709865093231201,-9.79515552520752,0.005,0.005,0.005,0.005,16.0,6.0,4.0,0.0,7.0
7.0,0.10000000149011612,0.25,0.0,0.411700576543808,0.005881437100470066,1.023,0.616,0.288,0.011,-3.5,1.0,1.0,3.0,0.0
