x,y,vx,vy,vx_comp,vy_comp,x_rms,y_rms,vx_rms,vy_rms,rcs,pdh0,dyn_prop,ambig_state,valid_state
13.0,-10.300000190734863,-9.75,0.0,-0.0038071097806096077,0.00301640247926116,0.616,0.616,0.371,0.011,14.5,1.0,6.0,3.0,0.0
14.199999809265137,-9.699999809265137,-8.75,0.0,-0.20703637599945068,0.14142626523971558,0.616,0.616,0.371,0.011,-4.0,1.0,6.0,3.0,0.0
10.800000190734863,-19.100000381469727,0.0,0.0,5.170382976531982,-9.143917083740234,0.005,0.005,0.005,0.005,1.5,6.0,4.0,0.0,7.0
15.600000381469727,-18.899999618530273,-15.0,0.0,-0.11166543513536453,0.13528697192668915,0.794,0.794,0.478,0.011,0.5,1.0,6.0,3.0,0.0
17.0,-18.700000762939453,-13.75,0.0,-0.1586836278438568,0.17455199360847473,0.616,0.616,0.478,0.011,6.0,1.0,6.0,3.0,0.0
21.600000381469727,-19.299999237060547,-11.0,0.0,-0.029901035130023956,0.026717128232121468,0.616,0.616,0.371,0.011,-3.0,3.0,2.0,1.0,4.0
18.799999237060547,-23.299999237060547,-15.0,0.0,0.02167951688170433,-0.02686876244843006,0.794,0.794,0.616,0.011,2.0,1.0,2.0,1.0,0.0
13.600000381469727,-27.100000381469727,0.0,0.0,4.829216480255127,-9.622923851013184,0.005,0.005,0.005,0.005,16.0,6.0,4.0,0.0,7.0
21.200000762939453,-23.5,-13.25,0.0,0.112249955534935,-0.12442799657583237,0.616,0.616,0.478,0.011,7.0,1.0,2.0,2.0,0.0
