x,y,vx,vy,vx_comp,vy_comp,x_rms,y_rms,vx_rms,vy_rms,rcs,pdh0,dyn_prop,ambig_state,valid_state
13.199999809265137,-7.300000190734863,-7.25,0.0,-0.25859636068344116,0.14301162958145142,0.616,0.616,0.371,0.011,11.0,1.0,6.0,3.0,0.0
11.0,-16.100000381469727,-17.75,0.0,-0.013837735168635845,0.020253414288163185,0.616,0.616,0.616,0.011,-0.5,1.0,2.0,1.0,0.0
12.600000381469727,-15.899999618530273,-14.75,0.0,0.2180282026529312,-0.27513083815574646,0.616,0.794,0.478,0.011,5.0,3.0,6.0,3.0,10.0
15.600000381469727,-15.5,-12.5,0.0,-0.18385140597820282,0.18267285823822021,0.616,0.616,0.478,0.011,-2.0,1.0,6.0,3.0,0.0
14.399999618530273,-17.899999618530273,-14.5,0.0,0.2325105518102646,-0.2890235483646393,0.794,0.794,0.616,0.011,3.5,3.0,6.0,3.0,10.0
16.0,-16.700000762939453,-13.0,0.0,-0.12958629429340363,0.13525569438934326,0.794,0.794,0.478,0.011,4.0,1.0,6.0,3.0,0.0
16.799999237060547,-16.899999618530273,-12.0,0.0,0.13976174592971802,-0.14059364795684814,0.616,0.616,0.478,0.011,7.0,1.0,2.0,1.0,0.0
19.200000762939453,-21.299999237060547,-13.0,0.0,0.2273484766483307,-0.2522146999835968,0.794,0.794,0.478,0.011,-2.5,3.0,2.0,2.0,4.0
22.0,-20.100000381469727,-11.25,0.0,-0.03439720347523689,0.03142653778195381,0.616,0.616,0.371,0.011,9.0,1.0,6.0,3.0,0.0
