x,y,vx,vy,vx_comp,vy_comp,x_rms,y_rms,vx_rms,vy_rms,rcs,pdh0,dyn_prop,ambig_state,valid_state
27.799999237060547,27.899999618530273,12.75,0.0,0.23544226586818695,0.2362891584634781,1.023,1.023,0.478,0.011,-2.5,3.0,0.0,1.0,4.0
