x,y,vx,vy,vx_comp,vy_comp,x_rms,y_rms,vx_rms,vy_rms,rcs,pdh0,dyn_prop,ambig_state,valid_state
29.399999618530273,40.70000076293945,17.75,0.0,0.2344888150691986,0.324615478515625,1.317,1.023,0.794,0.011,9.0,1.0,0.0,1.0,0.0
76.0,48.70000076293945,8.25,0.0,0.3657187521457672,0.23434874415397644,1.023,1.317,0.371,0.011,5.5,1.0,0.0,1.0,0.0
16.0,-3.0999999046325684,0.0,0.0,2.6405513286590576,-0.5116068124771118,0.005,0.005,0.005,0.005,7.0,6.0,4.0,0.0,7.0
16.0,3.5,0.0,0.0,-2.3260514736175537,-0.5088237524032593,0.005,0.005,0.005,0.005,-0.5,6.0,4.0,0.0,7.0
47.599998474121094,8.699999809265137,0.0,0.0,-1.9216386079788208,-0.3512238562107086,0.005,0.005,0.005,0.005,-0.5,6.0,4.0,0.0,7.0
48.0,7.099999904632568,-1.25,0.0,-2.7384557723999023,-0.4050632417201996,1.023,0.794,0.288,0.011,2.5,6.0,1.0,0.0,3.0
48.20000076293945,6.699999809265137,-1.25,0.0,-2.6355903148651123,-0.3663579523563385,1.023,0.794,0.288,0.011,-0.5,6.0,1.0,0.0,3.0
