x,y,vx,vy,vx_comp,vy_comp,x_rms,y_rms,vx_rms,vy_rms,rcs,pdh0,dyn_prop,ambig_state,valid_state
16.200000762939453,0.699999988079071,0.25,0.5,0.026767395436763763,0.0011566156754270196,0.616,0.616,0.288,0.011,1.5,1.0,1.0,3.0,0.0
16.399999618530273,0.699999988079071,0.5,0.5,0.282663494348526,0.01206490583717823,0.616,0.794,0.288,0.011,-2.5,1.0,0.0,3.0,0.0
48.20000076293945,-3.700000047683716,-1.0,1.5,0.14746113121509552,-0.011319630779325962,0.616,0.616,0.288,0.011,10.0,1.0,1.0,3.0,0.0
15.800000190734863,-2.9000000953674316,0.0,0.0,2.52095890045166,-0.46270763874053955,0.005,0.005,0.005,0.005,0.5,6.0,4.0,0.0,7.0
